,AGE,PTEDUCAT,FDG,AV45,ABETA,TAU,PTAU,ADAS11,ADAS13,ADASQ4,MMSE,RAVLT_immediate,RAVLT_learning,RAVLT_forgetting,RAVLT_perc_forgetting,LDELTOTAL,TRABSCOR,FAQ,MOCA,EcogPtMem,EcogPtLang,EcogPtVisspat,EcogPtPlan,EcogPtOrgan,EcogPtDivatt,EcogPtTotal,EcogSPMem,EcogSPLang,EcogSPVisspat,EcogSPPlan,EcogSPOrgan,EcogSPDivatt,EcogSPTotal,Ventricles,Hippocampus,WholeBrain,Entorhinal,Fusiform,MidTemp,ICV,Month,PTETHCAT_Hisp/Latino,PTETHCAT_Not Hisp/Latino,PTETHCAT_Unknown,PTGENDER_Female,PTGENDER_Male,PTRACCAT_Am Indian/Alaskan,PTRACCAT_Asian,PTRACCAT_Black,PTRACCAT_Hawaiian/Other PI,PTRACCAT_More than one,PTRACCAT_Unknown,PTRACCAT_White,PTMARRY_Divorced,PTMARRY_Married,PTMARRY_Never married,PTMARRY_Unknown,PTMARRY_Widowed,FSVERSION_Cross-Sectional FreeSurfer (5.1),FSVERSION_Cross-Sectional FreeSurfer (FreeSurfer Version 4.3),APOE4_0.0,APOE4_1.0,APOE4_2.0
0,0.019334657221577473,0.001333654888009734,0.024216769578552136,0.0006110523870532078,0.00983438869227442,0.014201660017581164,0.0,0.004853286449497251,0.0055703872856858894,0.0031497162513131247,0.21997668356065406,0.005924077534586987,0.010361105735987556,0.0012539186550278817,0.006754626957910052,0.44550051441646943,0.0047779551214442335,0.08815696375328852,0.0022224329932613324,0.0,0.0019498494810551684,0.0,0.001226868507427665,0.0,0.0013597028350411753,0.026779383777793285,0.0033424168768866514,0.0010743331042300647,0.0,0.0,0.014884788684912617,0.002014374570431371,0.008631362018877788,0.0039400146831667145,0.005798957096696371,0.004034521990261284,0.004616275057238559,0.007514679126841398,0.007497900069293792,0.016321706748464844,0.0,0.0,0.0,0.0,0.0,0.0,0.0,0.0,0.0,0.0,0.0023265308392798082,0.0,0.0,0.0,0.0021486662084601294,0.0,0.0,0.0,0.0,0.016503816823466824,0.0,0.0,0.0
1,0.007799203344066726,0.00914338821838523,0.0002152987392323812,0.0031859680801356242,0.0,0.0022285020906132732,0.0,0.003286661586700393,0.014992487677674233,0.0,0.22872495532016413,0.0036019870525830847,0.0,0.0004864772876019016,0.0225904651289507,0.4250721866881235,0.0015675314025130084,0.046553157485957015,0.0030016558771525704,0.0,0.0009449657391035876,0.006578724969069638,0.005200975971050024,0.009594772702802153,0.0036634867001843156,0.03261577448192012,0.0,0.0,0.0009131597202032798,0.010261342534584071,0.0,0.0038020974443932548,0.02278277612466312,0.016953698749349957,0.015008173473625767,0.008369915605340922,0.0009492416021764521,0.02082675268778215,0.013656144454152832,0.0015927978661254025,0.0,0.0,0.00591963226639546,0.0,0.0,0.0,0.0,0.0,0.0,0.0,0.0,0.0,0.0,0.0,0.0,0.0,0.0,0.008142459233467528,0.03977318169375631,0.0,0.0,0.0,0.0
2,0.04204799904573122,0.014488991099824905,0.0,0.02945456468081447,0.008597724627794734,0.008128713219356317,0.00440646244527031,0.005426054079179746,0.010100277755469296,0.01050138681754164,0.24327669818554482,0.0034675240558754436,0.009918278013132942,0.0003776967810231698,0.012019159359286699,0.38714593080710924,0.011513521682967503,0.08518725727417997,0.008586909350258777,0.0033461574193771417,0.0029205421741596914,0.0029743621505574592,0.0,0.0,0.009140708243788523,0.015278691480008554,0.003672052037725258,0.0,0.0,0.0,0.0,0.0068717608199925185,0.0,0.013711781309336818,0.002548418166521123,0.006143124579139429,0.0014721590442153083,0.00802240838919838,0.013737669937613883,0.006286720000041902,0.0,0.0,0.0,0.0,0.0,0.0,0.0,0.0,0.0,0.0,0.0,0.0,0.0009584055818462934,0.0,0.0,0.0,0.0,0.001939103061335451,0.0,0.0037110231706417598,0.0,0.002619763154139324,0.0
3,0.009672587994476243,0.007975965555977335,0.02447465705155713,0.014189625643782922,0.0010713983734946938,0.0008990335510863472,0.023421003592348926,0.018182506397485674,0.010156495101327987,0.013204304811532667,0.22454603679166785,0.006572696194584847,0.012065039082867813,0.006270739105770544,0.008769520050633308,0.3567116105200812,0.016709515611410528,0.10961138632037307,0.00867670349443809,0.0022837702171860587,0.014423614090278127,0.0,0.004022526929058203,0.0,0.0,0.006017223722308834,0.018549125816046105,0.0009087754060892498,0.0,0.0012410742811614895,0.0,0.0006555759278376559,0.0,0.00259472976373355,0.005218907584656355,0.023495209626188715,0.0009374735768078561,0.010068679614368433,0.01232978231654079,0.001898542262075339,0.0,0.0,0.0,0.0,0.0,0.0007174542679651971,0.0,0.0,0.0,0.0,0.0,0.0,0.0,0.0,0.0,0.0,0.0,0.003552435548636228,0.004507084503883927,0.009044633407958516,0.0,0.0,0.004352555892322192
4,0.009591604492324842,0.0,0.034167889199438,0.011633900001363813,0.004741035990900525,0.0,0.009481161154937358,0.011789372940529055,0.02335211009105616,0.009127466091708957,0.25659066450670104,0.0017334802929252228,0.014509236195223464,0.004042730822635272,0.0029807112723343955,0.3887487922585508,0.009284039712852764,0.08558182358577918,0.0,0.014394622124115464,0.0,0.0007459672013654673,0.0,0.0,0.0,0.004440280960508734,0.014609709451264098,0.0,0.00947514578010208,0.0,0.0017903212832771217,0.005115203666506061,0.005208207369533444,0.013724082656929745,0.00032491015881695994,0.0033711590223660707,0.011346869861671825,0.010599374980150749,0.004970007800739296,0.003927517735073907,0.0,0.0,0.0,0.0,0.0,0.0,0.0,0.0,0.0,0.0,0.0,0.0,0.0,0.0,0.0020374700126184063,0.0,0.0,0.0,0.0,0.01585268637201845,0.0007104449536813978,0.0,0.0
5,0.024232318566112333,0.003916603616945801,0.018281805701077482,0.004754737456191737,0.0,0.00437739519078818,0.00682622988240642,0.008550335329222834,0.02300218550629696,0.0006366342130337617,0.2416268999796215,0.008458756110902865,0.007574401720995579,0.0,0.00889552769310524,0.41350501265444667,0.028660723187686678,0.07804808953849085,0.012885099881500633,0.013765734702227998,0.0023699394508205677,0.0,0.009780702495449961,0.01137066796308528,0.0,0.0043103631542513315,0.009735211654258568,0.0,0.0031422857897040494,0.005292070253568435,0.0,0.0004827041479208632,0.0,0.0038826363104324906,0.0030380928783667266,0.01387189530589274,0.0023858416419407936,0.006866282053935147,0.004015730736112629,0.0033970119971674533,0.0,0.0,0.0,0.0,0.0,0.0,0.0,0.0,0.0,0.0,0.0,0.0,0.0,0.0,0.0,0.0,0.0,0.0,0.008060073236039304,0.0,0.0,0.0,0.0
6,0.010184363033048498,0.0036020961350390355,0.0044613481314968485,0.019261622379355567,0.0009688177435510641,0.0034068605721642893,0.011830233363401386,0.00458364214779752,0.0,0.00286530374378105,0.23556658996521032,0.001311022243207096,0.006660382054404964,0.0,0.01016434654610107,0.43568704673209285,0.007204839942542659,0.052701128410210005,0.0,0.017959230324463702,0.0008276875310291907,0.0,0.008404890981757744,0.0,0.004002329038932261,0.03470317310641142,0.0,0.0015766585674087837,0.0035576258123842315,0.007586141812306663,0.0025774545076925693,0.001598610907387976,0.0363354081896662,0.004668038154084688,0.0017343425835373125,0.008514875060275684,0.0,0.0017378727311651778,0.016243598531272354,0.013613293509399294,0.0,0.0,0.0005002911298665326,0.0,0.0,0.0,0.0,0.0,0.0,0.0,0.0,0.0,0.0,0.0,0.0,0.0,0.0,0.0,0.0,0.01945807963152834,0.0039407547460256105,0.0,0.0
7,0.01204924023622348,0.00689007372449121,0.011475678612204202,0.0003714327946376081,0.013326148225262834,0.0042919798510061575,0.007486777912500993,0.004598164518454144,0.03369678780154164,0.0016476038444781945,0.24583685338136957,0.006000966167729707,0.0038694105187660173,0.009557289916778445,0.006456041507033773,0.3956563342681739,0.005741971622458354,0.08125372000183631,0.0,0.024248261511231155,0.0015294212902329236,0.0009389289977337188,0.0,0.004480726436229265,0.0,0.0,0.0,0.003938259822349778,0.0,0.0,0.008583689562352599,0.00898934456040121,0.010640791133488954,0.0,0.01702720996232356,0.0022175985928264545,0.015405090355881026,0.025399388752033496,0.006899587528573622,0.004337343190269931,0.0,0.0,0.0,0.0,0.0,0.0,0.0,0.0021690481769268645,0.0,0.0,0.0,0.0,0.0,0.0,0.0,0.0,0.0,0.0,0.0,0.012988835222198725,0.0,0.0,0.0
8,0.010548723935836769,0.0038766372273469595,0.015482300644135517,0.00993258262670978,0.005093158047426632,0.0033337311209111526,0.01517100831591957,0.0025157493942667584,0.0032403866495256404,0.0,0.22425931213829728,0.008209554263901322,0.0,0.0036943074789489035,0.010561315205295704,0.4174316511919093,0.009073082618671789,0.03292652344773992,0.0,0.009790171357761791,0.00307297619757954,0.0,0.010884132572635166,0.004536541309335894,0.0,0.03579160725109095,0.010250243197084676,0.0054823315823097464,0.0,0.0,0.0,0.0,0.04063020750298666,0.01574833932874558,0.008829495463549454,0.021736961257351677,0.003706325246594257,0.010095218664171889,0.005583354939388323,0.005027316148657678,0.0,0.0,0.0030549099726167642,0.0,0.0,0.0,0.0,0.0,0.0,0.0,0.0,0.0,0.0,0.0,0.0,0.0037023434104902003,0.0,0.0,0.00820297879611398,0.01852452149469285,0.0,0.0,0.0
9,0.024851457105114935,0.006416282030845801,0.009751076717913565,0.0,0.011706788889051047,0.008325963586158315,0.0023565215124119565,0.015226706582645183,0.03803846755105355,0.02340967690087798,0.19081801225916917,0.009939069201721095,0.008623608648726345,0.0017981598483727053,0.020341759765403613,0.393594869321632,0.011442376359949363,0.10343081052749206,0.0059148519680771155,0.013980859698585322,0.0,0.0,0.0014026913764356892,0.0012496704990063408,0.002899674784287327,0.006936389470921403,0.008259998153512523,0.0036002411995182675,0.0,0.0,0.004628881542237773,0.00490700138411726,0.008398916920584639,0.018958101106253393,0.0029737057180436602,0.011304624587414054,0.00817820497921987,0.0023565215124119565,0.010050522436814925,0.0,0.0,0.0,0.0,0.0,0.0,0.003927535854019928,0.0,0.0,0.0,0.0,0.0,0.0,0.0,0.0,0.0,0.0,0.0,0.0,0.0,0.0,0.0,0.0,0.0
10,0.007433508315732034,0.0022663966837622763,0.002769030912340587,0.005732852472263096,0.007717619121610032,0.0009770566857354014,0.010773077573772822,0.0,0.007797240049902405,0.0,0.2439346795674778,0.0007200531130703068,0.01046158095745013,0.0009325365180518781,0.009031811665466946,0.4135458115350619,0.01703024368717369,0.06501277735199602,0.0013921026852692594,0.05182881243588865,0.011334979436128625,0.006803212468078698,0.0,0.0,0.0,0.0007560557687238218,0.0023916099127112506,0.0038809649431980234,0.0005040371791492145,0.0,0.0011793656817355358,0.0019458854547843459,0.008372597396303378,0.011531820336449634,0.01364146822930539,0.01486688527583499,0.01797469437830089,0.0151917450404262,0.0057906736124950205,0.014351550927697932,0.0,0.0,0.0,0.0,0.0,0.0,0.0,0.0060815414211762165,0.0006202503857656357,0.0,0.0,0.0,0.0,0.0,0.0,0.0,0.0,0.0034234708197099484,0.0,0.0,0.0,0.0,0.0
11,0.005424676391913678,0.0,0.0,0.007032821414536414,0.002960159381815237,0.002517617224647046,0.03114630671751398,0.04739987173639171,0.0,0.009985150134785657,0.22865318304246607,0.0,0.0015594067850282119,0.009766152885949028,0.007435871479664608,0.38536526776724106,0.012489575485391924,0.08931506318501578,0.000906342200872936,0.0,0.013703581779344071,0.0003975185091547978,0.0,0.0019258304625645074,0.008970521457277848,0.002851489427615061,0.0,0.0,0.0,0.0,0.0,0.0,0.02100205653815257,0.013122457351729233,0.009586222196678498,0.018620110005695845,0.0018058263763310607,0.0018062998252318379,0.003056713377626878,0.027177235457502672,0.0,0.0,0.0,0.0,0.0,0.0,0.0,0.001807136320546279,0.005206514965397131,0.0,0.0,0.0,0.0,0.0022304889745027763,0.0,0.0,0.0,0.0,0.017270954016079056,0.0,0.0028772768281680526,0.0,0.004624300297168544
12,0.018484203759073718,0.009389590908466059,0.006218540070011599,0.020931426902082103,0.004950544364142045,0.01981945083399794,0.0,0.000983009610295415,0.012458175163293821,0.011858331060106116,0.23272246702843155,0.008182201892137544,0.000592587868847885,0.005925813064130177,0.007361899174280175,0.3839558368935372,0.0008080743666107528,0.09912083568195189,0.00282184699451374,0.03270964385650769,0.0006663488061095409,0.0,0.002777126480087803,0.0014941318060694537,0.0,0.009893395562765164,0.016690016596738407,0.0008888818032718273,0.0,0.008600565286218675,0.0008357008406829143,0.002438075803259871,0.009514327449835491,0.0037295411110823263,0.021679279101000627,0.009049701617020874,0.020075747139174628,0.0025969209882222882,0.0,0.007913262475090672,0.0,0.0,0.0,0.0,0.0014814696721197132,0.0,0.0,0.00038102796883223724,0.0,0.0,0.0,0.0,0.0,0.0,0.0,0.0,0.0,0.0,0.0,0.0,0.0,0.0,0.0
13,0.0,0.008713979191400822,0.009105053084847369,0.0,0.022607068205528158,0.0,0.0029901260065900393,0.0057970943122918825,0.00411740463679563,0.0052404150550201456,0.22567879084511722,0.007060930525097023,0.014966142407359339,0.0024042420609923613,0.001720151295805527,0.42145055586641533,0.006831805636978247,0.061436819026616615,0.0036967481313754723,0.0054747198738259745,0.0,0.0,0.0,0.0,0.0,0.009745868922815147,0.018516513237165015,0.0,0.0,0.000500883762706742,0.0,0.005233895117102841,0.02439100166639688,0.02531398147598934,0.0,0.0032056560813231477,0.01330720486507859,0.01563883913349854,0.0026999328619718944,0.017685354067570346,0.0,0.0,0.0,0.0,0.0,0.0,0.0,0.0,0.0009678093042130278,0.0,0.0,0.0,0.0,0.0,0.005938683381425577,0.0,0.0,0.0,0.0358532226473099,0.0,0.006036353169465763,0.0,0.005672754143910077
14,0.009035647779750125,0.012971821523114518,0.02077344603443987,0.004997913454498135,0.007109924846855124,0.0015890310338495417,0.0,0.0,0.0,0.0,0.22657691971421373,0.0006246877424396414,0.0009534186203097252,0.011865012801631707,0.014294831993879093,0.4306493781123619,0.009357119344370422,0.0464232489817342,0.0,0.0,0.008259790944176686,0.000904759296785148,0.0,0.0,0.0009148966558527683,0.004258621543672801,0.00879428356386505,0.0005056007834975822,0.0,0.00239449029067686,0.004260303805936951,0.0048615459951690575,0.028880883356664847,0.025467132351227863,0.016523144725752306,0.013740518663670213,0.006332047907612576,0.014143531257527295,0.004333390402459147,0.01981835107415437,0.0,0.0,0.0,0.0,0.0,0.0,0.0,0.0,0.0,0.0,0.0,0.0,0.0,0.0,0.0,0.0,0.0,0.007256319591101571,0.031127985806749112,0.0,0.0,0.0,0.0
15,0.0062734686167476945,0.0033844193309756285,0.010506187440733462,0.010587026670885584,0.0028515766439762254,0.000951939190931053,0.0,0.014484148196020537,0.007821239183259528,0.00019348734774465555,0.24658292838868948,0.02428266230701181,0.007497199954643403,0.0,0.005027339524637877,0.39443453007515294,0.004216768962279843,0.0755024084687685,0.0,0.022649668335498932,0.004198427237105051,0.0,0.0,0.003368424910696916,0.0,0.013577942819174595,0.0010391977251699822,0.012314710857488106,0.0,0.0,0.004200012813598412,0.01607180918158068,0.009051317539957929,0.01049406139235625,0.01449599660602676,0.019590189644802313,0.015940829562296595,0.003995468908839237,0.012643273415904127,0.0036246430461458067,0.0,0.0,0.0,0.0,0.0,0.0004990259126958394,0.0,0.0,0.0,0.0,0.0,0.0,0.0,0.0,0.004911419549733631,0.0,0.0,0.0,0.0,0.007496478155164168,0.0,0.005239772083306314,0.0
16,0.024246056056197673,0.011880291554714406,0.01310861662429197,0.0335600624690208,0.006057401613624396,0.004837394304926677,0.011181293141179943,0.005036365663428336,0.010622195641056672,0.011016796108038669,0.24967957171484406,0.005502113809970878,0.004870812118968795,0.001361481087507153,0.0010028766939226806,0.36577489665314566,0.012559945226994204,0.08186770674650004,0.0005014383469613403,0.006473634606767242,0.0012273667846392222,0.0039000760319215354,0.0051863051885715755,0.0019787528614705215,0.0,0.012067949550202921,0.020612711159151025,0.0,0.0,0.0,0.0,0.012043001884977029,0.023461123066586455,0.001303739702099485,0.003323024077396252,0.0,0.0185128329657036,0.00432245161306569,0.009413020217622923,0.013460466493217412,0.0,0.0,0.0,0.0,0.0008205354768458296,0.0,0.0,0.0,0.0,0.0,0.0,0.0,0.0,0.0,0.0,0.0,0.0,0.004872275436061606,0.0,0.0023534173084052237,0.0,0.0,0.0
17,0.018659876989692577,0.008036498200234934,0.016533396146212707,0.006280963627211589,0.013734531867703058,0.004379462254727147,0.0028566008633941127,0.01666381258504222,0.00468963183940328,0.0075748089634457855,0.22809329737523967,0.010089152102900309,0.005684026473769371,0.003977306241746547,0.004921916474161353,0.38939050990865826,0.0035523465260259165,0.06112451211775863,0.0,0.008927614172571147,0.0011909448068506624,0.0,0.009287920107129508,0.005762438340884963,0.0028409330298189623,0.01101718964653346,0.04014623173687002,0.002053595030519514,0.0,0.0,0.003489374109967294,0.0,0.020685832591607476,0.0253198173356094,0.010622810960484603,0.004716227352345539,0.0008286054670305308,0.006592235494579695,0.0,0.0047366816985865146,0.0,0.0,0.0,0.0,0.0,0.0,0.0,0.0,0.0,0.0,0.003982419471685503,0.0,0.0008896606067064656,0.0,0.0,0.0,0.0,0.005585294485085282,0.0,0.02508152299780578,0.0,0.0,0.0
18,0.023395363927296877,0.0009477579517611591,0.004286865347027396,0.0033211300767914966,0.0007492410834868636,0.0022888722276276337,0.0008814600982198398,0.007719305193484474,0.01903991705859632,0.002854251746616623,0.2624643646292153,0.0,0.012411888074907085,0.0032737513213111726,0.007331382088342184,0.3546261045440443,0.010373615161707832,0.051976378895144414,0.0037370480264139238,0.006983545796608963,0.0,0.0,0.007713122945076309,0.005327936593684362,0.0030030066007497693,0.021880079240377544,0.05500076440584034,0.010909137258786554,0.0,0.011818161498150698,0.001522267598195533,0.0,0.006388665611575936,0.004661944519473818,0.031387336125158,0.023763831684295866,0.00924267586135884,0.004725432302200455,0.002217235294211165,0.016508310391714943,0.0,0.0,0.0,0.0,0.0,0.0,0.0,0.0,0.0,0.0,0.002570580919993206,0.0,0.0,0.0,0.002697267900552709,0.0,0.0,0.0,0.0,0.0,0.0,0.0,0.0
19,0.029416467158133498,0.005500776760883069,0.0014637080351571033,0.00048742446407665897,0.01700974433686835,0.013813810958620184,0.0211056290928708,0.0029060294985712594,0.005229148914510851,0.0,0.2265351077885223,0.009531184093258071,0.0012443069489816087,0.0024404537973616645,0.005180094310734266,0.44586084494255374,0.004400621408706456,0.07979772356736234,0.0,0.012235200245808138,0.0,0.006140196858949484,0.0,0.0,0.0006791082420843296,0.0,0.0005093311815632471,0.0009164496430168591,0.0,0.007003303746494648,0.0,0.0,0.022987553460372113,0.007606012311344491,0.0,0.004205312238399681,0.012047149581354522,0.018341636292904414,0.017303554432991215,0.00971898727097225,0.0,0.0,0.0,0.0,0.0,0.0006111974178758963,0.0,0.00038727371631459704,0.0,0.0,0.0,0.0,0.006011724866832228,0.0,0.0,0.0,0.0,0.0005806394664514084,0.0,0.0,0.0,0.0007922929490983843,0.0
20,0.0085242975620487,0.00490428180818523,0.020302941204855963,0.0,0.014850612436138624,0.009522010116710888,0.0,0.012894778093429933,0.018429607582386695,0.0,0.23884710227973857,0.013871195973899651,0.003928363615802398,0.00331357488231703,0.011708684789086887,0.41338125630138983,0.006978767532415133,0.06526427599938738,0.0,0.01676177587870335,0.0006449096224748146,0.0013729504520992022,0.0008470928270163347,0.0024026632911736063,0.003285460030733606,0.003872713857483772,0.0,0.009051026529497139,0.0,0.007126222823569401,0.0,0.007045849298644417,0.03661426989866773,0.009040643235740485,0.005517226816769022,0.0,0.007663600174196672,0.01019077823267454,0.011986518510559208,0.005884381049511434,0.0,0.0,0.0,0.0,0.0,0.0,0.0,0.0003139480272714228,0.005681944006027076,0.0,0.0,0.0,0.0,0.0,0.0,0.0,0.0,0.0,0.0,0.0,0.0,0.0,0.007974275259393936
21,0.025796925040504876,0.006193896441102155,0.01194136816593431,0.0008040274377378561,0.0030348328925917365,0.0025905415317503404,0.0,0.010727123301820383,0.004793334093469362,0.010107730186050717,0.22332015335425595,0.009281660466289785,0.007406385581490018,0.010062642310411474,0.004533426168368253,0.4441339832712642,0.0026087857338189316,0.04378317344096954,0.00556386030308485,0.01964335098424047,0.0006182067003427618,0.0009645592914438869,0.002023221928394491,0.0020479944168794533,0.009303260949333024,0.0066704110040667385,0.0251287362276443,0.006788309931725975,0.0,0.0,0.0,0.009123076562908485,0.0009051255995449048,0.017187181258063903,0.004653785373127616,0.009401731270006458,0.007088447662544649,0.019210820628239433,0.021335109186989037,0.0,0.0,0.0,0.0017419398330864235,0.0,0.0,0.0,0.0,0.005305266858877158,0.0,0.0,0.0,0.0,0.0,0.0,0.0,0.0,0.0,0.0032904550179534016,0.0,0.0,0.0,0.0,0.0008851595936725898
22,0.005483784378749521,0.007684857541253016,0.019085916840562857,0.010720260391258259,0.0,0.004773732742546901,0.0,0.004113888602843504,0.00486619693530794,0.013400709647490896,0.2171054192660652,0.0034996621795022856,0.008562162461746738,0.0015498503937795833,0.0025839469765360622,0.41510057548749396,0.007770514591461253,0.05823945914174913,0.005507478701976424,0.0040131261286184515,0.0,0.0,0.0,0.0,0.0,0.03288846046946107,0.006606223543932983,0.0,0.001242553978428798,0.0,0.0,0.0020115705300668613,0.028278673039367864,0.017692541158839028,0.008601440742572698,0.013034839979792823,0.00609591625333254,0.0064482463325490095,0.004939445851540269,0.01821134257899478,0.0,0.0,0.0,0.0,0.003999613919431184,0.0,0.0,0.0,0.0,0.0,0.0,0.0,0.010268493348636531,0.003257754844980688,0.0,0.0,0.0,0.0,0.0,0.026355936922575582,0.00719930505497613,0.0014998552197866939,0.00730624382179257
23,0.021996087393527777,0.005490305905718425,0.019481332535871962,0.010721585805998355,0.0,0.009870843788087417,0.011351389846594407,0.014237910196784767,0.00037897425511799977,0.001970599552304414,0.23598860628497187,0.0025402259853924084,0.0006564432786993458,0.003010712725657162,0.008419110726103981,0.4158352464330291,0.003206622932209637,0.03796837020318206,0.004796647412416836,0.037384289264189866,0.004424303901103456,0.002631468453804192,0.0,0.0027095743844185688,0.0,0.010793956294056346,0.0,0.0027095743844185688,0.00244260161418909,0.006388081369955346,0.0,0.0,0.017851023684656155,0.018262170711141213,0.01066653882165103,0.022845218711397428,0.004233709975654015,0.009475814298663897,0.023088972707191274,0.005047957679910361,0.0,0.0,0.0009408244390342246,0.0,0.0,0.0,0.0,0.0,0.0,0.0,0.0,0.0,0.0,0.0,0.0,0.0,0.0,0.0,0.010182904042896875,0.0,0.0,0.0,0.0
24,0.0393034955936854,0.011291633876295688,0.01690080800631575,0.00782219894812454,0.005750722073908202,0.003581662726800881,0.003713444084122812,0.0029665436702508677,0.01769836252116338,0.006688805022796815,0.23811184045761097,0.003071245211553839,0.0006441138370921294,0.0,0.01052811015978664,0.4004761055896197,0.001997876349352625,0.040520012506254977,0.0004994690873381562,0.017188211993559684,0.005962787046095314,0.0006326608439616656,0.0008452553785722635,0.0,0.0,0.0008452553785722635,0.0,0.0020732241895957686,0.0,0.000912073985574025,0.007740639780887559,0.0,0.04536728936105434,0.016275867358557235,0.011159627191394562,0.010525815590848413,0.0,0.0010937868498476096,0.009402960283712262,0.001926523622590031,0.0,0.0,0.0,0.0,0.0,0.0,0.0,0.0,0.001997876349352625,0.0,0.0,0.0,0.0,0.0,0.0,0.0,0.0,0.0,0.038687211600527335,0.0,0.0047949032384463,0.0,0.011001580234777226
25,0.0030584030388849737,0.009312836321751925,0.026933017879968553,0.0025193714887084663,0.002829326631278002,0.009358163111778825,0.0025839912797280813,0.0,0.022359224513867463,0.003564824963614697,0.23178230545722964,0.007999774460812618,0.0030382030939897988,0.0025041804732385143,0.0022182557431319476,0.42248970682570447,0.0,0.08126485831775189,0.010160229518836808,0.015349060612030245,0.0032751829353210036,0.002054326213911021,0.003847252109169529,0.004604881018417433,0.002673618722711023,0.02602187216064091,0.0085531360933304,0.002186183239645049,0.0,0.0,0.0,0.012852718629992948,0.0,0.005469358499498463,0.008166534111357707,0.012696617220190422,0.00035503670979286574,0.0194144185842496,0.010935114106347198,0.0015039105315249497,0.0,0.0,0.0,0.0,0.0,0.0,0.0,0.0,0.0,0.0,0.0,0.0,0.0,0.0,0.0,0.0,0.0,0.0,0.0,0.015204727935006788,0.0,0.0,0.0008593774465856865
26,0.015918670365033197,0.007971246694897153,0.0009823657308388927,0.008817749109650294,0.0,0.0008963393532795633,0.0004378623687294489,0.006655111569767946,0.012682844456819177,0.012335887006646446,0.22244440966559528,0.0033188557771477766,0.005572636110849912,0.007629550325844369,0.011381193885929045,0.401767863214491,0.0058374359642430085,0.06938130027427769,0.013359433927559087,0.04015665569253632,0.00664530080660543,0.0,0.0008668545061322085,0.0072805540851167555,0.010045755467168493,0.0013196220165187344,0.0009045438324857834,0.0,0.0,0.006317158344283301,0.0,0.0033453496592066824,0.02596290867222523,0.025416840505558463,0.000958671334022261,0.02538281785330771,0.0065033593320336204,0.005648510450842437,0.005850807826638528,0.00574437840553153,0.0,0.0,0.0,0.0,0.0,0.0,0.0,0.0,0.0,0.0,0.0,0.0,0.0,0.0,0.0,0.0,0.0,0.0,0.014259155408187325,0.0,0.0,0.0,0.0
27,0.004210046453794006,0.008968287690420877,0.010423602401099097,0.0034603035196652063,0.0040103775167036546,0.0040087855951400795,0.010632161713560549,0.007169407291421774,0.006758271812481927,0.0,0.24330834506856366,0.009189398082970257,0.0,0.0,0.0051974613261302335,0.38480378809082066,0.011398094036468397,0.10208860081558355,0.0045559125096249885,0.025137020623505726,0.005052555776269677,0.0010559155227313822,0.0,0.007990310744668903,0.0,0.0,0.01220197004586339,0.0012044252739703434,0.005537396987123838,0.0,0.0,0.0024084419053504703,0.0296138215895847,0.0040190784583963345,0.009245721719628055,0.0025206835664711384,0.015357372369055202,0.027855707665959118,0.015188207013399463,0.010909757176171885,0.0,0.0,0.0,0.0,0.0,0.0,0.0,0.0,0.0,0.0,0.0009978639815090623,0.0,0.0,0.0,0.0,0.0,0.0,0.0035209056558924983,0.0,0.0,0.0,0.0,0.0
28,0.02075005105172286,0.0,0.005007406686606978,0.021290906721798734,0.0,0.004276359419306583,0.004769375073249598,0.004552414646207151,0.008111507152494231,0.005435295246993787,0.24095336549680618,0.006787872094137432,0.0022060584305946657,0.0034710709572293693,0.0043956761060522315,0.3702211408164523,0.002569269130368689,0.10895376802035528,0.0035935793439551104,0.04433334932527896,0.0,0.0,0.013674853781676198,0.0027970782100873995,0.002443633953889476,0.000620605448606851,0.0033458278746150935,0.006554772090904696,0.0020537556814617755,0.002892559131024473,0.0,0.0011124059927858617,0.0,0.014900853919219735,0.015529668245016759,0.007807016120512629,0.018136101880288406,0.003716855810360198,0.026355685155159937,0.0069322767909392605,0.0,0.0,0.0,0.0,0.0,0.0,0.0,0.0,0.0,0.0,0.0,0.0,0.0,0.0,0.0,0.0,0.0,0.0,0.0,0.008836675705368719,0.0006109084884723685,0.0,0.0
29,0.004359135621397206,0.0,0.0033931659382668376,0.00544057884531396,0.0,0.005507022624831881,0.020753936524695288,0.0021720706690462207,0.022670596228264804,0.0,0.25362653822932085,0.00774216005263861,0.016630670593208923,0.0009596484912132132,0.0009132480474616359,0.3826492870419484,0.013475998415643162,0.09310817950263289,0.011939047554308566,0.03597024518249995,0.0,0.0,0.0,0.0,0.016860404103287346,0.0,0.007212702703142593,0.0029653864966587814,0.0013182763616370406,0.0,0.0011620362002578383,0.017145245272874584,0.0,0.0013983304215969587,0.0,0.0,0.019399050193006907,0.01565954420070887,0.020530160417795283,0.011287666783374534,0.0,0.0,0.0,0.0,0.0,0.0,0.0,0.0014656751008930466,0.0,0.0,0.0009242842776424449,0.0,0.0,0.0,0.0,0.0,0.0,0.0,0.0,0.0,0.0,0.0,0.0013597079044313503
30,0.014116880983726649,0.020205985302974336,0.018122315882585883,0.024105187626731,0.001958411234736644,0.0008763780004543578,0.0,0.004787227462689571,0.007181638016573276,0.0,0.2316979672730218,0.0019763341946974016,0.008086556774430811,0.002891716588790825,0.012680220832902453,0.42788981636267165,0.018146457875342713,0.059477908746855955,0.006571145495646088,0.03396612035952928,0.005400322871700518,0.0,0.0,0.003525140222525959,0.0,0.00428119071357566,0.006580198345366321,0.006967294399071554,0.0,0.0,0.001910819569314438,0.0,0.000807844634328866,0.01417482594598433,0.012138448326180787,0.011997673112268856,0.0,0.009680203004547248,0.01818619410062787,0.004082143425441795,0.0,0.0,0.0,0.0,0.0,0.0,0.0,0.00038921127771605955,0.0,0.0,0.0,0.0,0.005140221036988971,0.0,0.0,0.0,0.0,0.0,0.0,0.0,0.0,0.0,0.0
31,0.007620244492026786,0.0009423706527755527,0.004332240077314174,0.0057589317669617356,0.0,0.00542622930912799,0.004518667998219633,0.010742237558989167,0.0,0.001460744862293906,0.2644817662062888,0.013514596818225932,0.0,0.0026107881349893853,0.0,0.41067515362519846,0.004056956131027544,0.05453264525972928,0.009349319077742231,0.045083032867906964,0.0020563130523974706,0.004617082211632675,0.0,0.0,0.0,0.0099031422548394,0.002616634862811108,0.0,0.00048260408372593697,0.0,0.0,0.0,0.024172246195558203,0.013548769469155682,0.0028247349170550137,0.006499875311111246,0.0,0.018505998632018246,0.016930803627663586,0.013269940624614571,0.0,0.0,0.0,0.0,0.003917006222063044,0.0,0.0,0.002133685074773564,0.0038749166262466066,0.0,0.0,0.0,0.005475488047073415,0.0,0.0,0.0,0.0,0.006533716825828065,0.0,0.017531117122614674,0.0,0.0,0.0
32,0.006447791334386756,0.0,0.03295452782036254,0.003963578845339604,0.007255286156949326,0.0026960075167292525,0.005193853795341434,0.010885690518198514,0.021920848608482868,0.0026236163917782536,0.2559851709162196,0.0034617509537168975,0.004748535340667413,0.005426320101935993,0.0,0.3954708729410071,0.006758286971809326,0.10854896242203646,0.0,0.01612588604706618,0.007590625442040181,0.0,0.0,0.0033025772703080417,0.014081476719290482,0.0,0.003578684514543626,0.0,0.0007593473265703413,0.0,0.008623179895807088,0.0,0.0,0.014421603898506961,0.0069592048683839915,0.007745899029425226,0.01142270017982504,0.010930094679280616,0.0015822475318435403,0.016485586488921657,0.0,0.0,0.0,0.0,0.0,0.0,0.0,0.0003602895504969165,0.0,0.0,0.0,0.0,0.0,0.0,0.0,0.0,0.0,0.001689495922728712,0.0,0.0,0.0,0.0,0.0
33,0.013504530706627747,0.0026735696119359028,0.00710337447013977,0.02019462347540254,0.0035125051818274207,0.0,0.011781280639977855,0.009373020722402403,0.013988522583016982,0.011808651102487137,0.22658889562272386,0.004138135318474322,0.004083494773673608,0.0026735696119359028,0.0029845098921900417,0.4122077775926887,0.007252057572376138,0.06294065453391559,0.003351510477819649,0.0,0.007206985900757278,0.0066279164450837895,0.0011819991968558725,0.001984834831469807,0.0,0.02022210630613122,0.008275107721033681,0.0029261350221701544,0.0042013236758992765,0.0,0.004662212376136352,0.0027069892320851015,0.0368669942293302,0.005045046668475531,0.003712883073718677,0.016971085700465485,0.01203870750970075,0.0032073562648570904,0.01930940707186891,0.011660837410802358,0.0,0.0,0.0,0.0,0.0017840935679649202,0.0,0.0,0.0005865571792852885,0.0,0.0,0.0,0.0,0.0,0.00103284781789073,0.0,0.0,0.0,0.006959496505417999,0.0,0.0,0.0006683924029839757,0.0,0.0
34,0.00665722399463726,0.0033787387011778155,0.025462190439670657,0.004884811944424663,0.003626229283189066,0.007116647599615686,0.0,0.011927596032591378,0.0025117482711985066,0.01142416324779335,0.2400668308581902,0.0050393322133658,0.0038792925828337907,0.0012791932531208197,0.012637997408065227,0.4236192521604364,0.010925976776650895,0.06347695999891459,0.003003323289935837,0.02165414340553918,0.015096403170117973,0.006292677369389374,0.006006646579871676,0.001930707829244467,0.0,0.0,0.0,0.0,0.0,0.0,0.0059882787825472645,0.0,0.00504760216795939,0.008213917309553053,0.013842220831379006,0.006009091287474392,0.0007150769737942474,0.002928840041158536,0.025172176636530416,0.018361684054253688,0.0,0.0,0.0,0.0,0.0,0.0,0.0,0.0,0.000863689681223748,0.0,0.0,0.0,0.003003323289935838,0.003099291551384361,0.0036387027958815687,0.0,0.0,0.0,0.008214694897014135,0.0,0.0,0.003003323289935838,0.0
35,0.025281848340398285,0.0028943968449859727,0.019852921621183666,0.009542222999133177,0.014147347950497434,0.014625394492092256,0.004601217126179287,0.011767079639607223,0.0029736844526384557,0.0,0.22431845277344753,0.010921211636747034,0.0007709552284618218,0.0026432750690119607,0.011305233571607119,0.42966855772268914,0.014577937346753986,0.08904029532708176,0.0,0.01152165920673573,0.0057016671012047925,0.0,0.0,0.0,0.003839829051145055,0.0005664160862168493,0.0,0.0,0.0009667533817219687,0.0,0.00262936309496453,0.0012711290936968417,0.0064521880021324975,0.00563580746774912,0.00668477565408019,0.009508721075715936,0.0,0.013982643802324233,0.021512746136397656,0.012800928267255934,0.0,0.0,0.0,0.0,0.0,0.0,0.0,0.0,0.0,0.0,0.0,0.0,0.0,0.0,0.0,0.0,0.0,0.0036717493685911604,0.0034347027220278906,0.0,0.000886888345523751,0.0,0.0
36,0.009815049721193526,0.0075562755145521165,0.008654768124942298,0.018588277231553072,0.012229951598915196,0.005555144926073565,0.0036020670457381125,0.002818283938563615,0.003476114850902095,0.0,0.22467508131122357,0.003859357549005119,0.011775524260236798,0.005699699343206635,0.004333657235295675,0.4333547517366423,0.004190025335279937,0.06683425867878857,0.0,0.04968018658926035,0.001590436481306065,0.0,0.00720957444285843,0.0,0.004145235885968463,0.0008004593434973586,0.00991498823672104,0.007434090613401999,0.0,0.0005002870896858488,0.0,0.0,0.0017709391470318214,0.01846002956411415,0.023890058513534936,0.014301618550411673,0.009365126498688904,0.013906588534584156,0.0008338118161430815,0.0077451853143957325,0.0,0.0,0.0,0.0,0.0,0.0,0.0,0.0,0.0,0.0,0.0,0.0,0.0,0.0,0.0,0.0,0.0,0.00034918093694527054,0.0,0.0,0.0,0.0,0.001083914039338484
37,0.007956936377161413,0.0024774391593659975,0.022219634909983802,0.007364780338254644,0.0,0.003056634852951546,0.011470748599122942,0.011183624138496606,0.00048816377736135943,0.0036449092411893844,0.2363784850550343,0.0,0.0036744528338778035,0.0004988926515890758,0.0034304808994982147,0.4211333064349631,0.010553748001326932,0.06465033803857108,0.0062209571200148245,0.0059182139721688076,0.004978812104896212,0.0,0.009469191943655125,0.0008927552712646629,0.0,0.025553963587802653,0.00863255467657849,0.0009027581314468996,0.00044019939846094876,0.0073254649314519,0.0,0.0,0.02314269828713423,0.0,0.02197518574998633,0.0009331943705086472,0.0019350987698000517,0.008607202035391628,0.002200996992304743,0.013263755263547143,0.0,0.0,0.0,0.0,0.0026940203185810093,0.0,0.0,0.0,0.0035093621171268,0.0,0.0,0.0,0.0,0.0,0.0,0.0,0.0,0.0,0.03898039896830937,0.0022406406808211116,0.0,0.0,0.0
38,0.014785013668620417,0.006778141451184544,0.017929367474682278,0.0,0.0,0.012060010892833248,0.0001518693290770188,0.0008379923820104075,0.02612970520079918,0.0,0.2399051786487011,0.010930302035235203,0.003523557755995118,0.0,0.008391910992603988,0.42739882928647477,0.015070894041461816,0.0369198228512416,0.004788416981442924,0.006938476918882583,0.0017844227626757283,0.003719331845003772,0.01683025969937039,0.0,0.0,0.004890317197567201,0.0019206877736436913,0.0014898811097746284,0.0007073961666321634,0.003380410481612896,0.0,0.0015844152850481733,0.030174131399197036,0.003938553202501499,0.0038199392998136805,0.012709435296206602,0.01816290651512757,0.016321272531889426,0.008057709611006767,0.011556629276645112,0.0,0.0,0.0,0.0,0.0,0.0,0.0,0.0,0.0,0.0,0.0,0.0,0.0,0.0,0.0,0.0,0.0,0.0,0.020613826066325648,0.0,0.005798984568711943,0.0,0.0
39,0.010389596284144586,0.013224444247860925,0.02535166237641603,0.005086926843842635,0.0095883734047668,0.0009900993011487335,0.0018478156658464082,0.005679906757385413,0.013310238178291203,0.0041400562572784785,0.1876561070851111,0.008140261071169918,0.0027751077765458894,0.0,0.013030286678521642,0.4207913976669867,0.005318150791290033,0.08073898743216867,0.013082905403549137,0.03596256656041841,0.009366949621412974,0.0,0.003263410712837068,0.0,0.0,0.010503675025067102,0.009540106629079902,0.006026471128249654,0.004781731252601465,0.0,0.006557978268693808,0.007298497092962614,0.0,0.010295244981014778,0.024365894772027455,0.011012951075143359,0.0060430320829474105,0.016139934882172406,0.008085042988418991,0.006535591948361965,0.0,0.0,0.0,0.0,0.0,0.0,0.0,0.0012331701044439062,0.00024234870516549076,0.0,0.0,0.0,0.0,0.0,0.0,0.0,0.0,0.0,0.0,0.0,0.0,0.0016030789466568035,0.0
40,0.030911147630155927,0.007056200313156591,0.007780221661698629,0.0020699996371918972,0.008368554682979005,0.0008423610963788085,0.012787359912794376,0.005550018507769724,0.007975025620656193,0.0009745937285119534,0.23533137898245512,0.0006066386496555183,0.0,0.0,0.0,0.4214271221805661,0.007979789955234318,0.0625085815324744,0.0035098379015783662,0.0,0.03377669895866898,0.0,0.0,0.007354565098527788,0.003738006468314473,0.007342460895643764,0.005727807337232627,0.011392858776386506,0.003575453918786003,0.0,0.0,0.0,0.025838217124380825,0.011480913759386532,0.0033874103399507186,0.0031614539913476236,0.0008232953102467772,0.027856257433465086,0.0009658333354466726,0.013360079350340956,0.0,0.0,0.0,0.0,0.0,0.005543999028305254,0.0,0.0,0.0,0.0,0.0,0.0,0.0,0.0,0.0,0.0,0.0,0.0,0.010828030845848722,0.005745007790728472,0.0024228182437351603,0.0,0.0
41,0.017260453301601322,0.01662275227547063,0.010264097426637498,0.015048927468022038,0.00854105301277903,0.0,0.0037353619929996213,0.002390048025208351,0.013509615951155936,0.003975020649053265,0.25330776741045724,0.0,0.0,0.0029658901086513194,0.009449804627347994,0.4081769565655024,0.007873755566710432,0.0897434908013227,0.0,0.0,0.00578108346698246,0.0008713716758572115,0.0029875600315104394,0.0,0.002309225145128842,0.011986981681787537,0.0,0.0112153788676914,0.0,0.0,0.002267214546560883,0.0,0.0072375194526040154,0.0009542252665821695,0.0038262135371630473,0.009670541894111985,0.025883158333330197,0.010959749303403796,0.005650583960319427,0.0018366505749271057,0.0,0.0,0.006318129966883343,0.0,0.0,0.0,0.0,0.0,0.0,0.0,0.0009465695639669282,0.0,0.0,0.0,0.0,0.0,0.0,0.0,0.026432847548269307,0.0,0.0,0.0,0.0
42,0.031065206688154053,0.0035603347882139937,0.03616521401071245,0.031305274063007045,0.008504340241393423,0.004924158678354055,0.009644405611008258,0.009478429959173458,0.011822232502350274,0.0026087536898521967,0.23670660357036308,0.0037675901508165983,0.0,0.006161582043708069,0.012494294037092284,0.4142966250328023,0.003005777575985988,0.08565013796226414,0.014319819893404532,0.0,0.0004245633896099321,0.0,0.0029143126470775114,0.000670192017315295,0.000850628329669412,0.0,0.0104496781648866,0.0,0.0,0.0,0.0,0.0,0.002753492500788525,0.004799256395181561,0.003433706692843018,0.0007539660194797069,0.00506773268217772,0.005244468003392003,0.014934047539249802,0.016672963988732074,0.0,0.0,0.002168747429689885,0.0,0.0,0.0,0.0,0.0,0.0,0.0,0.0009687724389155153,0.0,0.0,0.0,0.0,0.0,0.0,0.0,0.0,0.0,0.0024126912623350623,0.0,0.0
43,0.027467736629900628,0.00967574322243824,0.006535112033826791,0.010210874034741621,0.010605200938449638,0.00182827918701148,0.003583905789925342,0.01378833320352733,0.018004302539233647,0.001823156765937996,0.2373390383710177,0.0,0.0009645205112208366,0.008441122674146206,0.0011086442657710748,0.3803205463819265,0.0055630082636173766,0.1001057514517734,0.006781576973721669,0.026981486142608348,0.0009483750660465513,0.0009756069538785435,0.01247389322011203,0.0028824750910047964,0.0,0.0034589701092057556,0.003920463764714719,0.0,0.005442435486512552,0.004434577063084302,0.0,0.0,0.00808334107555224,0.0030111570147103666,0.005756422149195967,0.021073971408382595,0.0,0.01549759195230927,0.015733775016754888,0.021732427187754227,0.0,0.0,0.0,0.0,0.0,0.0,0.0,0.0,0.0,0.0,0.0,0.0,0.0,0.0,0.0,0.0,0.0,0.0,0.0029472881403883352,0.0,0.0004988899195969839,0.0,0.0
44,0.033572891621742575,0.0,0.011892658197642403,0.016699156761236057,0.0,0.0057519035598192795,0.007530059815489906,0.004042605113467439,0.018177861583045622,0.006056970723261435,0.23478429069239642,0.0005002032302712824,0.0038392292378708,0.0009280863735772978,0.010416353328558337,0.41375316452410793,0.007643747330605435,0.047769082993449695,0.0046763974794560665,0.032608486773399295,0.004260169824162175,0.0009700911132533965,0.0,0.00014373656042277792,0.02176314102888183,0.0,0.024528315015777038,0.0,0.0036787905940615013,0.0,0.004760634100080578,0.0004952751196282019,0.008785941866656983,0.007263356985280829,0.014838751749293132,0.0,0.009736970440362128,0.00556382211689138,0.01751302872656827,0.012584707657402203,0.0,0.0,0.0,0.0,0.0,0.0,0.0,0.0,0.0,0.0,0.002470117761880515,0.0,0.0,0.0,0.0,0.0,0.0,0.0,0.0,0.0,0.0,0.0,0.0
45,0.026687646513396397,0.004588040294018902,0.005671537247870661,0.0003910736462612659,0.020731896167522985,0.009722231633693401,0.0026604538482696816,0.006680824927048406,0.008001463764776702,0.012791447754436963,0.21998569371359455,0.00713179165854896,0.0029496012266531043,0.009520321279118548,0.0013017799660896298,0.3937605780048254,0.0039734050980651135,0.08372193954759219,0.0,0.01414104603851917,0.002490062507384355,0.0,0.0,0.005966491511244138,0.0,0.011958606532372767,0.002440837436418056,0.0,0.0,0.0,0.007531726946661433,0.012859454194293234,0.003051046795522571,0.006907829653912957,0.012665225222306141,0.033816579006908334,0.009399713794063251,0.010872970246249088,0.02229929262733855,0.007698171145147453,0.0,0.0,0.0,0.0,0.0018984291172140443,0.0018692016012669644,0.0,0.0,0.0,0.0,0.0,0.0,0.0,0.0,0.0,0.0,0.0,0.0,0.008972043770666136,0.002017817904864926,0.0,0.0008717276558635917,0.0
46,0.00953960913241156,0.009029471868598008,0.009945548005277983,0.024633227808488655,0.007488631482863347,0.0026431958052543364,0.00479537282002918,0.00398601598455775,0.0030103284968194728,0.004008406018223523,0.23145724019534927,0.009431024249479626,0.0,0.00809807383661635,0.012575526826684823,0.3897008239021664,0.0009564361195381455,0.11061745046815252,0.0,0.0044170387293941404,0.005088428616262049,0.0025128042549442254,0.0,0.000890475007845858,0.002854317196866187,0.019571835152995005,0.0029682500261528624,0.005661607931657088,0.0015830666806148606,0.0,0.0,0.0008730147135743717,0.008600177725319576,0.018321142160944395,0.0035791543376272666,0.0055972714778882516,0.023655249177652226,0.013192455807894148,0.0036688050729369918,0.0013831380397490958,0.0,0.0,0.0,0.0,0.0,0.0,0.0,0.0,0.0,0.0,0.0,0.0,0.0,0.0,0.0,0.0,0.0,0.0031367265498251098,0.030528658319345234,0.0,0.0,0.0,0.0
47,0.014241019713590122,0.002315296554760925,0.02958860795262253,0.0035193669656162045,0.018186998630371747,0.012670515991534173,0.012220355755971338,0.010654012434171545,0.0123504426051594,0.003002736149404905,0.22724854294538732,0.0035896907465108032,0.0,0.0,0.015672426566695836,0.385747554358222,0.016522125977634656,0.056411325536583866,0.000888967938968555,0.0,0.0,0.001868369159629718,0.010488380529659804,0.0,0.0,0.006766250423099927,0.06273439106688138,0.008015200185043059,0.004448497999118378,0.00756552536124075,0.013951801884643109,0.0025503409551596184,0.002085233437086739,0.004219448796981018,0.006990656981753865,0.0031641735767922643,0.006378650033976928,0.00803242137744098,0.005245921978275891,0.005009880711731374,0.0,0.0,0.0,0.0,0.0,0.0,0.0,0.0,0.0,0.0,0.0,0.0,0.0,0.0,0.0,0.0,0.0,0.004879446242782971,0.0,0.0,0.0,0.005300348015042645,0.00547507446045339
48,0.020097102778599895,0.017191535846994586,0.0007823096172019141,0.003486865722385675,0.010195356454431792,0.005316260103913953,0.008761476912540086,0.004029545869636222,0.017260432488249156,0.0,0.23862580638073239,0.0014264450682486848,0.013797124737684907,0.0,0.007908937838160076,0.3877125176079881,0.002413983961651622,0.09895096775164765,0.001508739976032263,0.04362856770583958,0.0,0.0,0.006220073431861876,0.0,0.0,0.0037718499400806573,0.0006318654600477027,0.0006034959904129049,0.002420695258256728,0.004126468310515591,0.014776354207840904,0.0008621371291612937,0.0033506730454602013,0.005217975619702885,0.00669781767062618,0.0008819204690816651,0.017151296738510572,0.0012446960138214156,0.04034204109728736,0.004762337877349648,0.0,0.0,0.0009705344875061344,0.0,0.0,0.0,0.0,0.0,0.0,0.0,0.0,0.0,0.0,0.0,0.0,0.0,0.0,0.0,0.0,0.0,0.0,0.002873790430537644,0.0
49,0.013170979585033852,0.0034804073869310714,0.019475998968990486,0.009864353984608271,0.00687040456784864,0.005304402844711469,0.011142388410293158,0.0019423457358300155,0.008586156165109791,0.0008695355781183428,0.2267407968542658,0.005665322967629719,0.004282992591174873,0.0030236936769958856,0.010747855754589069,0.4212305079563355,0.004608896397598462,0.04902000018439363,0.0037405535980509267,0.019637497853987763,0.020782973817742138,0.0005009669997389634,0.007909373090783796,0.0,0.0006679559996519513,0.009908387300343758,0.04854527542738812,0.0,0.0,0.0006011603996867558,0.0003292182183557818,0.0009724653524344602,0.0,0.01272492266227883,0.002082791621395348,0.01835474578735906,0.013773587310448303,0.007735384084296631,0.0009715723631301077,0.020735031226295605,0.0,0.0,0.0,0.0,0.0,0.0,0.0,0.0,0.0,0.0,0.0,0.0,0.0,0.0,0.0033847984026198564,0.000614298873553783,0.0,0.0,0.0,0.0,0.0,0.0,0.0
50,0.026285598697515858,0.013125701147459777,0.003974067525469396,0.008697395070825398,0.007267958109079607,0.013923009673655222,0.006456357884345846,0.019235737607676575,0.0,0.00015994116461405934,0.23262091526814638,0.016214475596046166,0.005694516274638717,0.000929419018053325,0.01022533684973885,0.4025913804825928,0.009160474659078736,0.07668843095351818,0.013684654046844769,0.018276808768772402,0.004547927657364479,0.012484731637441194,0.00354827457631196,0.0,0.0,0.0,0.0,0.0,0.0007096549152623925,0.0,0.004624287125778477,0.015721837490836287,0.0,0.008078144433136042,0.00934023171527731,0.01200563799332891,0.004886414726986471,0.006706451732726981,0.010781624599452056,0.006063056594135955,0.0,0.0,0.0,0.0,0.0,0.0,0.0,0.0,0.0,0.0,0.0,0.0,0.0,0.0028386196610495685,0.0,0.0,0.0,0.0,0.0,0.009470375698738157,0.0,0.0029805506441020467,0.0
51,0.026303590799590076,0.003802463224555296,0.04980719265462104,0.00485827034564775,0.005865214679218523,0.002707972781090478,0.002533561262319233,0.0,0.0022147403674015317,0.0008136958340612162,0.22059302507593806,0.004516814868349677,0.009773848614740297,0.0007910931720039596,0.009853825960412373,0.42895203722806896,0.012374999351832271,0.036394147181901745,0.0,0.04571880511532717,0.006727732090608779,0.0,0.0,0.004298436688627726,0.0008136958340612162,0.008559657475189414,0.002738168985045415,0.008332165402839075,0.003661631253275472,0.0,0.006572158659725204,0.023533999979697948,0.006835176996740708,0.001982416395714004,0.003150642014034006,0.013500801178282295,0.0029619761232304092,0.004488931560788921,0.011249188708638194,0.016781300431345684,0.0,0.0,0.0,0.0,0.0,0.0,0.0,0.0030004890098169748,0.0004950451930753184,0.0,0.0,0.0,0.0,0.0,0.0,0.0,0.0,0.002441087502183647,0.0,0.0,0.0,0.0,0.0
52,0.015304477179443022,0.0023315958535175124,0.007860526643888689,0.022063249127966186,0.0,0.01831854550828894,0.006112932321690297,0.0007154686825521569,0.018461421904598225,0.0020036367867390615,0.23106630885332996,0.006115662576808209,0.0009394340978117199,0.0,0.012372298115824982,0.3832847560297692,0.00731135723653465,0.05417452561457664,0.0,0.03639542500272335,0.015552860620711683,0.0,0.005105120621794461,0.0007513637950271481,0.0,0.0005009091966847654,0.01602909364126052,0.004952148430252017,0.0015321928369181053,0.004577048166634906,0.0,0.02430656867763438,0.0,0.010552220472873098,0.0050511851766530955,0.016589477607388575,0.007622732238216847,0.010072660599857479,0.0303971493853069,0.008302258745353387,0.0,0.0,0.0,0.0,0.0,0.0,0.0,0.0038098341656809674,0.0,0.0,0.003911138428459716,0.0,0.003548778870489981,0.0,0.0,0.0,0.0,0.0,0.0,0.0,0.0020036367867390615,0.0,0.0
53,0.010832837766794988,0.007089430770597398,0.011493104166240643,0.015969786483289995,0.012977182700631992,0.009338599162853078,0.005173182322399578,0.02956261045748501,0.01049315109136322,0.0016107028108693488,0.20140319679622712,0.00476885503206965,0.005644669898296205,0.004089836805037773,0.004996866888084548,0.42534676387054854,0.0014485472555165633,0.08107130488261655,0.0009446873675588048,0.02836543304511294,0.0016377576479200237,0.0026929019213170566,0.002890909415531546,0.0,0.002288966633119499,0.0021691376962732524,0.012438948027833699,0.0011917322197229257,0.0,0.003361537227916797,0.0008655756175661974,0.0038251447745980926,0.009933815976414032,0.006010435604082467,0.028320287570588642,0.014226543643669229,0.0017204651163970084,0.007067861477982316,0.018352301985129035,0.005414551825101592,0.0,0.0,0.0,0.0,0.0,0.0,0.0,0.0,0.0,0.0,0.0,0.0,0.0,0.0,0.0,0.0,0.0,0.0,0.0,0.0,0.0,0.0,0.0029703760452425803
54,0.029053806241760398,0.00845769609365043,0.007986702224616785,0.0019946996024502637,0.0,0.002252203967054072,0.00042485750094250476,0.009114816472492245,0.009992072344200333,0.0037919604831595666,0.21098927773655327,0.0009758581678950444,0.0,0.0,0.005817867508218618,0.43273110687979743,0.00271908800603203,0.07939143592356679,0.00911477143736308,0.05490100732200135,0.003186592550125362,0.002457622941482612,0.0,0.002486023319800715,0.0,0.0,0.0,0.0,0.004894358410857654,0.0,0.000834265638214373,0.0,0.004777438659686422,0.013359566258926068,0.02267545294600435,0.012306601504410361,0.00712639765395538,0.018961628012133268,0.023132978111957136,0.0024986214109483517,0.0,0.0,0.0,0.0,0.0007647435016965085,0.0,0.0,0.0,0.0,0.0,0.0,0.0,0.0,0.0,0.0,0.0035476888775671667,0.0,0.0,0.0,0.0,0.0,0.0,0.007280792290480135
55,0.017873167781170724,0.002407897687154533,0.014508550294058894,0.011308408011328487,0.01324571071629688,0.0005825827720628905,0.012414303799854002,0.009364786708341202,0.014888532251343851,0.0001238665115061847,0.22450361742700944,0.020246491813171286,0.0,0.0040795926245595525,0.018241555274378828,0.42684168027086383,0.0,0.07016716122256204,0.004494978322642262,0.0010838237985924724,0.0,0.0,0.0024386035468330625,0.0,0.006135970911697457,0.024265015059794406,0.008823219055396478,0.008375276208034986,0.0,0.0,0.00381031804192666,0.0016934746853007382,0.010295676806596024,0.002483566063805805,0.00730439809370696,0.017436316350101465,0.004507208715547414,0.007996625034383453,0.010895901968248169,0.01582778518884642,0.0,0.0,0.0,0.0,0.0,0.0008128678489443547,0.0,0.0,0.0,0.0,0.0,0.0,0.0,0.0,0.0,0.0,0.0,0.0,0.0005210691339386879,0.0,0.0,0.0,0.0
56,0.027657259911577914,0.01112300660956192,0.008045834287265009,0.0068049756724982745,0.00542999553074008,0.000671407704606621,0.00253416743901211,0.003955201750773548,0.01373379680836636,0.0009934093588567314,0.21995812113907834,0.0005968068485392179,0.005966471515264476,0.007138013498777029,0.00574490308374185,0.4033407935086127,0.008067221804581089,0.0726938280735326,0.0031215509313068253,0.0009602691589141225,0.007317971493274803,0.0008240003647444896,0.0,0.0,0.0007553336676824487,0.05611173075145833,0.017328254534425786,0.0016785192615165526,0.0015291126019749703,0.0035609594705306737,0.0,0.014458713226583526,0.0,0.002342119899790541,0.010937624674715728,0.0052106414263405005,0.016462921627783237,0.028929447348010392,0.010625641438827481,0.0028966718784843894,0.0,0.0,0.0,0.0,0.0,0.0,0.0,0.0,0.0,0.0,0.0,0.0,0.002850099682500661,0.0,0.0,0.0,0.0,0.0,0.007139646237293787,0.0,0.0,0.0005035557784549658,0.0
57,0.01711245986352849,0.0,0.019853674577790886,0.01736527594393896,0.018797006882129572,0.001697198436890288,0.0024134647568890394,0.001628130986790225,0.02592165935900267,0.0015530742630727,0.23013585526471825,0.0,0.003524039103042627,0.00013712867936867788,0.007242788580941811,0.3829506051865508,0.005516054303494422,0.10992917148350764,0.0062460268035430646,0.004474893348541621,0.00017629217874395368,0.0,0.0,0.0032910883048486903,0.0,0.02652419089099882,0.019709516815442616,0.0,0.0,0.0,0.0,0.0038250208314703662,0.004476876690199069,0.01969752064972671,0.003183211681261058,0.008224476857878596,0.02227128934648835,0.018661454661709476,0.002298537863703847,0.0014630061402597754,0.0,0.0,0.0,0.0,0.0,0.0,0.0,0.0,0.0,0.0,0.0,0.0,0.0015865226857486939,0.0,0.0,0.0,0.0,0.0034286735724949695,0.004683813005283316,0.0,0.0,0.0,0.0
58,0.006291266170468489,0.003994980799415073,0.007678066806723385,0.009160047086303262,0.015650010041225827,0.01106425773633597,0.0,0.008721587465208548,0.00216281118243012,0.00864350059878285,0.23274931016300268,0.0029296525862377177,0.0006152270431099203,0.0033425583225373734,0.012207144638068998,0.4000321102657297,0.018393950542807617,0.06786915165796024,0.004062648869252075,0.04739063253558301,0.006623390238886083,0.0,0.0,0.000880099742687573,0.005023863573720566,0.0012798034689309164,0.011719249895884522,0.0,0.0009063869135853109,0.0,0.0005126892025916006,0.009667541890110319,0.0004557237356369783,0.02218793184590798,0.003304306360297998,0.01865098650709621,0.010918303662265932,0.010198028564252452,0.00975414071246561,0.004009947759111393,0.0,0.0,0.0,0.0,0.0,0.0,0.0,0.0,0.0,0.0,0.0,0.0,0.0,0.0,0.0,0.0,0.0,0.0008964182842476304,0.0,0.01560896670867772,0.004443306422460539,0.0,0.0
59,0.004155366903012398,0.0,0.010668158860103978,0.010394000474208973,0.008696410506086523,0.0016167618050411613,0.001512536430636604,0.0021942487479579107,0.0,0.0032716305239475127,0.24999855302825066,0.003998659529269182,0.0,0.0,0.006964803057031709,0.422882797100936,0.009344400305101478,0.04204225862750945,0.0,0.030075897166597993,0.0,0.0034897392255440144,0.0,0.0006329428987506274,0.0,0.004434529800944505,0.003560210019480896,0.0030992682518909344,0.006861108471744146,0.0,0.009032686258081277,0.005967100772259133,0.024876928833671787,0.00952306751639474,0.012612316963688008,0.022999187722399672,0.009813698238081413,0.005331546039025576,0.022542775639077896,0.007919811884911934,0.0,0.0,0.0003614173036070254,0.0,0.0,0.0,0.0,0.004798361482123483,0.0,0.0,0.0,0.0,0.0,0.0,0.0,0.0,0.0,0.0,0.0,0.03432681961263145,0.0,0.0,0.0
60,0.014297980390479678,0.010280646222658554,0.001843839912120501,0.0006385389890013665,0.0022986534237690267,0.000979527141798601,0.008262812469036877,0.01812357468321134,0.00272627461233619,0.0,0.2375419815857339,0.009187812725397695,0.0026728182473884205,0.00448015249086059,0.003274202353050816,0.44567188494317833,0.005053647946742812,0.040467379925594675,0.010818404281059952,0.015073486028915006,0.0036989895387964755,0.0,0.0012421294898627615,0.0,0.0008436926285948377,0.0021448549755703388,0.004610611476745025,0.014928384253741944,0.004009227371082631,0.0,0.0008591201509462787,0.005603143620898236,0.028936708865706116,0.015021048838349906,0.007016147899394604,0.0,0.009495168255576097,0.01296064696281698,0.012401680388125924,0.0,0.0,0.0,0.0,0.0,0.0,0.0,0.0,0.003593786738625616,0.0,0.0,0.0,0.0,0.0,0.0,0.0,0.0,0.0,0.0,0.03803896401433831,0.0,0.0,0.0,0.0009020761584935914
61,0.02620942804238787,0.0009074950836595519,0.001413781814543302,0.0008726235301126904,0.0030090626458185122,0.021532254171804287,0.013222714289629883,0.014238213264231768,0.0067719894325196225,0.007928766949075922,0.2334957697011549,0.0009117571357109356,0.007723241790133584,0.0003941198659776558,0.01616413355000742,0.39027335600392804,0.013058566476851923,0.08813155474298409,0.0,0.011563444450291551,0.0,0.00270815638123666,0.000501510440969752,0.002579196553558725,0.0,0.019922196121083893,0.011886278171306386,0.0,0.003009062645818513,0.0013059773464372685,0.0009612283451920269,0.0019601893807046377,0.00287532652822658,0.03331072603852872,0.006575808326902342,0.012263054525389028,0.00048082959804316593,0.015471317153909925,0.0008400020897346504,0.008088816302317857,0.0,0.0,0.0,0.0,0.0,0.0,0.0,0.0,0.0,0.0,0.0,0.0,0.0,0.0005063557500766718,0.0,0.0,0.0,0.0,0.01017275525554455,0.0,0.002006041763879008,0.0,0.004752898340316264
62,0.008423267830436358,0.0029577349463664857,0.021255299115895677,0.00033681247374671604,0.00676790080546118,0.019907660169344754,0.004792303877151974,0.005363349610325392,0.017313093656331376,0.0,0.24512840846248116,0.0074124755223756835,0.0006348673495988708,0.0007042226062777352,0.0016979468941500783,0.39550409131376535,0.0037391948707521006,0.05072738007609102,0.006769722532522051,0.014653585202627883,0.010331015822942024,0.002932713457587069,0.0,0.0,0.0,0.008047296708942851,0.010252819568724461,0.002854812903443817,0.0,0.00515557751520798,0.0,0.0,0.06407221013367605,0.004624397785034185,0.004144659849752103,0.0005930079639110255,0.011485866604528513,0.014626472181421067,0.011280003486256329,0.0,0.0,0.0,0.0,0.0,0.0,0.0,0.0,0.0,0.00017228908992648946,0.0,0.0,0.0,0.0,0.0,0.0,0.0008817635908877014,0.0,0.0,0.0,0.030621675165655608,0.0008763659100345148,0.0029577349463664865,0.0
63,0.022316507909196207,0.0018508300324195058,0.01482037039502912,0.008969294399676437,0.008673898197415519,0.0,0.008026859187091576,0.00023618716725718963,0.01850278164559785,0.009919145495227556,0.23531150836076434,0.005362213118903248,0.0014185591372374287,0.0,0.01868073100232611,0.41738794003537566,0.017378309127998356,0.05607979721123409,0.0003728608657097868,0.005015955228733528,0.013567039840529132,0.0,0.0,0.007476292063025321,0.0,0.008294607704907397,0.001507377687869474,0.002226807947988987,0.008976353167413806,0.0,0.0,0.0,0.024796121538944883,0.012725299503744507,0.00904296114435864,0.0,0.007786041776185273,0.0042946652949767405,0.008615443164288427,0.006684922445882092,0.0,0.0,0.0,0.0,0.0,0.0,0.0,0.002810042783692264,0.00015882061044021352,0.0,0.0,0.0,0.0,0.0,0.0,0.0,0.0,0.0,0.0,0.03071345480855921,0.0,0.0,0.0
64,0.011018093106167033,0.0037025939474691866,0.016729151975342426,0.010712961141226501,0.002495822586812563,0.007541844981039119,0.003245519706821179,0.001151918116990416,0.020574386315800035,0.004081677831422883,0.2523780891702821,0.006792386282336259,0.010138804104732,0.0006278586659640067,0.008008787180442766,0.39043564761444155,0.016397915183748935,0.0385386851974874,0.00280848607570996,0.041985717100735793,0.004711604929644999,0.001713772055685738,0.0007679454113269424,0.0044214601407789956,0.0008354570958392002,0.005704540258632677,0.008162364315742549,0.0,0.0,0.0025512637040746543,0.0,0.013030194148618867,0.008764202880940269,0.04144319925446928,0.013021669213932883,0.012300206970105327,0.005375617879288602,0.0025573153819273857,0.015200277746913543,0.0,0.0,0.0,0.0,0.0,0.0,0.0,0.0,0.0,0.0,0.0,0.0,0.0,0.002035216673086001,0.0,0.0,0.0,0.0,0.0,0.0,0.008037345654019905,0.0,0.0,0.0
65,0.028818298600030007,0.0032768155382943095,0.00965876865598264,0.013004654585852073,0.0005638033133787651,0.0006018640784622199,0.007469287537838835,0.01675948564154059,0.0032751259754987476,0.0014354283213240753,0.23658322297522935,0.014623550998013811,0.00538043751476399,0.003862229380506227,0.007333101510094887,0.3695407472564636,0.007362730453545285,0.10887531405819785,0.003791743694311989,0.027404416186615453,0.0005250567852190283,0.012527274012189324,0.0,0.0034392233054984025,0.0006018640784622199,0.0,0.0033436893247901114,0.0,0.0006130097095448547,0.0,0.0,0.005433794766522713,0.002277909525824584,0.01118473421997155,0.004956527704982991,0.0009203106808231843,0.013348175443960882,0.03398529819158591,0.007887092177494547,0.018628529048863366,0.0,0.0,0.0,0.0,0.0,0.0005015533987185169,0.0,0.0,0.0,0.0,0.0,0.0,0.0,0.0,0.0,0.003540376932130707,0.0,0.0034605277917522195,0.0,0.0,0.0,0.003204026625720254,0.0
66,0.02610416878384672,0.0035950977106507568,0.02073682505746243,0.0012282154203012868,0.006424714496194575,0.0031045248777756555,0.011687277678115775,0.02118381933971183,0.004111572455935037,0.0014411320326955812,0.24740521299932083,0.03577723568731236,0.007355522348982339,0.0009945648600846312,0.005265526533203464,0.3706444317459145,0.002081372358797807,0.0934771421328515,0.0,0.0040406404924116434,0.0068588529827780225,0.004349923470408228,0.00077263064834161,0.0,0.001577454240364116,0.0039437089431835,0.0,0.0005449411266670608,0.0,0.00077263064834161,0.006490097446069523,0.00546695671961255,0.01648919276061686,0.010320069389303986,0.013240036596920494,0.02154144383090114,0.005535346716333108,0.0014550135220305653,0.011164205255333614,0.009997682909816282,0.0,0.0,0.0006113121613252285,0.0,0.000745036696615124,0.005676470069448564,0.0,0.00024046157933081433,0.0,0.0,0.0,0.0,0.0,0.0,0.0,0.0,0.0,0.0008940440359381482,0.0,0.0,0.0,0.004653491238751149,0.0
67,0.05728692338161102,0.003806982699041407,0.004790395041637686,0.007266748181014413,0.0,0.008068908398107354,0.0,0.00706791749925556,0.00019104327762313876,0.0014667509265981948,0.21731536265660248,0.006654353848624716,0.005219727608089185,0.0005024637775931089,0.0,0.4301922600777697,0.0020398529478406384,0.06494803000340932,0.009583719051526636,0.04276420019349422,0.015538470842348263,0.0,0.009123298349133405,0.0009581127482281773,0.0055367437155674475,0.003824724277201197,0.008469604814290599,0.004041153650973281,0.0,0.006070990916192378,0.0,0.0024969237159967114,0.002426721610362139,0.011178540106756363,0.010605301935149905,0.014331395523069314,0.011411971278481918,0.011187916324257292,0.0,0.0009476668747227068,0.0,0.0,0.0,0.0,0.0,0.0,0.0,0.0006428627471982612,0.0009950502184588516,0.0,0.0,0.0,0.0,0.0,0.0,0.0,0.0,0.005662793173468451,0.0,0.0053841176083042775,0.0,0.0,0.0
68,0.021123575087614217,0.006289993566086909,0.016482766942098076,0.012753072938737012,0.005585723275166161,0.0,0.002506774066734219,0.0022439399095626287,0.005517782195534886,0.004023943601133979,0.22686432183996,0.009967429776042569,0.0009185088654762349,0.0006035915401700965,0.022068864635385346,0.4001152748204171,0.0013329833875392076,0.06545257109539,0.0030179577008504843,0.04433725417653063,0.009514078599825709,0.0,0.0,0.003930842530919375,0.005040767689122195,0.003406513101489084,0.020483265364772987,0.0010689403180534696,0.0,0.0,0.0,0.0005759762409466259,0.0,0.04360216379205863,0.003915188368670902,0.007041901301984463,0.00653611394656415,0.008863342269931337,0.008206241411960408,0.009003193861372584,0.0,0.0,0.0,0.0,0.0008047887202267962,0.0,0.0,0.0,0.0,0.0,0.0,0.0,0.0,0.0,0.0,0.0,0.0,0.0,0.01316926996734757,0.0,0.0,0.0036310830943239217,0.0
69,0.009486920797020551,0.007094381689782683,0.008440124055993304,0.002165813801006045,0.00487113087261258,0.0013769873398442349,0.0038945702715393405,0.008406331917372207,0.01238757990923848,0.007615137792770359,0.23215511977051345,0.0,0.0005997638218170581,0.005176830147035686,0.006706206635751681,0.41051455678155224,0.017490639330781058,0.10282312566175594,0.0,0.020779164530427312,0.0037387874606777676,0.0007497047772713231,0.005664436094938885,0.0,0.0,0.006070497345566667,0.007176781448776378,0.007023268712499721,0.0,0.005965017031280768,0.0003863553782280777,0.0,0.0,0.018117652020693008,0.020596464628841862,0.009225527558637427,0.009539775077255827,0.018660387060891726,0.009456782764268975,0.004942498161270204,0.0,0.0,0.0,0.0,0.0,0.0,0.0,0.0,0.0,0.0,0.0,0.0,0.0,0.0,0.0,0.0009341181351544334,0.0,0.0009044057630574697,0.0,0.008569136422461975,0.0,0.0,0.0002940190314130877
70,0.02111093830986393,0.0,0.02806258717958849,0.004121912209776556,0.0009062538832340912,0.007528247658801367,0.006438405130614253,0.018547961512230798,0.001476983891540757,0.002497229524190563,0.2407124567142828,0.008483500479836995,0.004418765337271826,0.005115159842482548,0.011985741593749202,0.4332790411981628,0.007140803590005734,0.053411870818228735,0.0,0.028072711293585857,0.003718674076525883,0.0,0.004408683276790725,0.0,0.000671299172765994,0.016786209157864374,0.0005034743795744955,0.012963836462048526,0.0,0.0,0.0,0.0008853978451049501,0.0,0.015236962340563149,0.0008624578944226222,0.0133711099304885,0.0005034743795744955,0.007747553286215016,0.006721957296935537,0.02746684933009343,0.0,0.0,0.0,0.0,0.0,0.0,0.0,0.0,0.0,0.0,0.0,0.0,0.0,0.0,0.0007831823682269927,0.0,0.0,0.0,0.0,0.000671299172765994,0.0,0.0,0.003387009462592059
71,0.033111697014659804,0.007232734569201433,0.02544837251303747,0.005988285046915269,0.010088737758892807,0.0009530828411511441,0.0018534901993021856,0.003864797798833799,0.0013881638941010718,0.0,0.2481923626064611,0.014143246070916982,0.004204154310411165,0.004447719925372015,0.0,0.4220301509617567,0.00652630942651504,0.06397013466790628,0.0,0.034675299864045765,0.0008512577512845696,0.0008383599065681377,0.0,0.0,0.0020120637757635304,0.0,0.005879336893158488,0.008816619116094748,0.0,0.0006706879252545102,0.0,0.003482085825658669,0.007787516928496293,0.013666284411972743,0.011315003881746177,0.011416242326036677,0.014856695669994903,0.0064404171727328275,0.01636842857265177,0.0045518943952948315,0.0,0.0,0.0,0.0,0.0,0.0,0.0,0.0004759241164182732,0.00014771426369977056,0.0,0.0,0.0,0.0,0.0017681772574891616,0.0,0.0,0.0,0.0,0.0,0.0,0.0005365503402036087,0.0,0.0
72,0.01916638682102567,0.008947075745974094,0.03271347448118472,0.0009238157629526587,0.006505405144752551,0.0012258155653914126,0.004593764593414449,0.022699303802163603,0.00322495684521655,0.0,0.23456645158240122,0.008933701358823284,0.0,0.0008292538522518222,0.007846435181442053,0.42796284341802254,0.004567489103325672,0.027308883581064713,0.0,0.0,0.004732483890639036,0.0,0.0,0.010149403827622689,0.0,0.02596775563778109,0.004436274296630925,0.002968426187074324,0.0053749280753609165,0.0,0.0037624496527526416,0.006402631183881617,0.022816153696614258,0.010813114213205719,0.004651380065216178,0.015790823973379633,0.007051628015182149,0.002531008191251772,0.016074447296235982,0.005545649940808853,0.0,0.0,0.0009619899680333454,0.0,0.0,0.0,0.0,0.0,0.0,0.0,0.0,0.0,0.0,0.0,0.0,0.0,0.0,0.0008783386664652302,0.03707605638245665,0.0,0.0,0.0,0.0
73,0.0017437384563908558,0.0,0.009750535802368388,0.006588586120940379,0.000954829043271334,0.014855655275217105,0.011425019721057798,0.004639462726828847,0.0,0.011260936186201756,0.22764818969344455,0.011829040834993138,0.015185926391560753,0.004485478593650596,0.0,0.3930053434446338,0.015387996935772846,0.09272379140375984,0.006949086328311189,0.0,0.007734893474649343,0.003044933377420708,0.0028759701321565147,0.0,0.0030392510170789496,0.008992646287936322,0.0017580366033547027,0.0047342179304498975,0.0,0.003106047742729035,0.0,0.0026421136061508363,0.03730659736756013,0.009518727792028923,0.0,0.01665980618622753,0.00794590749231291,0.029791463859304878,0.005610439257825769,0.010716019931071316,0.0,0.0,0.0,0.0,0.0005032947731273901,0.0,0.0,0.006585053069499071,0.0022295953748929006,0.0,0.0,0.0,0.0,0.0010736955160050988,0.0,0.0,0.0,0.0,0.0020739498832974407,0.0036237223665172096,0.0,0.0,0.0
74,0.01132290548055297,0.0007551472314302043,0.017448993084426014,0.007905185025063185,0.0173289388512626,0.014692768117425972,0.009809552719006574,0.012802015643479886,0.02085119565492494,0.0013266900379636348,0.2399290191492877,0.006332616421259088,0.0,0.0,0.009061766777162451,0.3929272031168167,0.012130301558847086,0.10214875814865425,0.005612741390156972,0.0,0.0001797196278385889,0.0,0.0020137259504805446,0.001977112751380897,0.0040230261296413505,0.013796641746811075,0.00979560914201699,0.0,0.00693751960067632,0.0,0.0007831156474091006,0.0005034314876201361,0.015669337200172325,0.005368724692144155,0.0,0.0,0.00637679884318839,0.021438631373045747,0.0057291609734001474,0.010654854563323789,0.0,0.0,0.00047916972918060895,0.0,0.0,0.0,0.0,0.0,0.001829671231284149,0.0,0.0,0.0,0.0,0.0,0.0,0.0,0.0,0.0,0.0059801558529422255,0.0040777950497231045,0.0,0.0,0.0
75,0.008476473688675788,0.010005584635243415,0.014691632325482549,0.01788382398961581,0.002127268810311168,0.009042503330951376,0.003105929297994174,0.010076410022437008,0.002608701355932669,0.000634212658491524,0.22789868091872034,0.016483534583366516,0.0,0.004768150379949671,0.005266580009159562,0.41850119629026594,0.0,0.04414878222935249,0.010121731051010668,0.014041149184919286,0.004638927258647014,0.0,0.0,0.0,0.005356143381234852,0.01412277476366475,0.00466125699027581,0.023340967337015184,0.0,0.0,0.005178261308462427,0.014762776895027037,0.0,0.0023960026013097914,0.0,0.00554389088205637,0.007542990544937013,0.02819479879405374,0.013277901956365181,0.007558113437964728,0.0,0.0,0.0,0.0,0.0,0.0,0.0,0.0014962636293769096,0.0,0.0,0.0,0.0,0.0,0.0,0.0,0.0,0.0,0.0,0.0010648900450265742,0.03530142134330563,0.0,0.004772525506673969,0.0009077485627229637
76,0.008375180991073851,0.0,0.007515786095343209,0.001669796834469993,0.007169794976883417,0.0,0.03995330981763044,0.014580635335740713,0.007582690159712053,0.0006018685614272684,0.23728748442761274,0.0026808066468113167,0.0007253287791559456,0.0,0.0,0.4099155078053294,0.016287512427367232,0.052229778681729455,0.014802365688093719,0.036279845351748274,0.0033428143238826494,0.0,0.002875245934364638,0.0,0.004514014210704515,0.0008207298564917303,0.0,0.002158486278916492,0.0,0.0,0.002980406818606187,0.012431922636852971,0.01919794235867777,0.01643717649677102,0.012746135984032642,0.00468281653503107,0.006916299934332304,0.01802422640109283,0.016228207052298205,0.01379277233752328,0.0,0.0,0.0,0.0,0.0,0.0,0.0,0.0,0.00029679026173507687,0.0,0.0,0.0,0.0,0.0,0.0,0.0,0.0,0.002890091460466604,0.0,0.0,0.0,0.0020062285380908957,0.0
77,0.0,0.0037686477343674574,0.032080928078509756,0.005930559426099733,0.013962843984530062,0.005643579892117921,0.009259196531657122,0.006105339559008182,0.009614823661009861,0.004922251659310251,0.2365558237115991,0.004637163851280112,0.0008527911444625794,0.0022400419372750197,0.01435634665284283,0.42367955534469975,0.01140367632221137,0.045329678623599004,0.007710653264515818,0.0,0.005139481421643197,0.0023017253872516944,0.014700218272848325,0.005272306409363442,0.0,0.0028426371482085963,0.006664830617064569,0.0,0.009639884211425033,0.0,0.0,0.002132608623837265,0.006537949148678148,0.01390341609713694,0.0,0.03026064003463319,0.005424699224498071,0.0,0.013779150528416023,0.005588366211819171,0.0,0.0005946666218091532,0.0,0.0,0.0037143792069925657,0.0,0.0,0.0,0.0,0.0,0.0,0.0,0.0,0.0,0.003364864048542373,0.0,0.0,0.0028426371482085963,0.0,0.027241638258527493,0.0,0.0,0.0
78,0.04275937680491472,0.012468459436291594,0.016167534567764857,0.009566272050487412,0.0009504446180222545,0.009966923150671776,0.0016436726582836779,0.025683099239265584,0.0,0.0028616429247217043,0.2411132788133897,0.0017552367491486826,0.005556199117243511,0.0011407545849318591,0.002848525653367309,0.3796492660799549,0.004242181112715351,0.09621229353062287,0.0028726495246113952,0.013641422533413385,0.006572823808088771,0.0,0.0,0.000757532341556313,0.0,0.0019677686510623064,0.01792565636069192,0.011854335660671187,0.0,0.005302726390894191,0.0014977288029686122,0.0024241034929802013,0.0,0.0,0.025744277687026033,0.014495178324980295,0.0,0.010741079739097652,0.003030129366225252,0.004714425428608245,0.0,0.0,0.0,0.0,0.0,0.0,0.0,0.0,0.0,0.0,0.0,0.0,0.002727116429602726,0.0,0.0,0.0,0.0,0.00060602587324505,0.008036258798630989,0.010503599693848037,0.0,0.0,0.0
79,0.02709547745533204,0.006169843616295677,0.0248550544884419,0.00022175758535988724,0.005153587678644585,0.016328614480961283,0.0016765437078972555,0.02469916542429012,0.016909974002539626,0.00982579640274064,0.22904640179146568,0.005679463972383831,0.009556912239994907,0.0050827086999232106,0.001545692900174732,0.4061973055354937,0.0034018658142944743,0.08515628666855335,0.0038113413521245376,0.0034118950873524485,0.0,0.0,0.002622713147122717,0.004627940026772187,0.0,0.02650259129910162,0.007079161414441492,0.0,0.0006836391818610167,0.006952189397421773,0.0,0.014098619491241512,0.007861356762353866,0.0025266719703358744,0.0,0.004467182571020727,0.0051202821800410995,0.0019852765946113886,0.012484139260754578,0.01144654522326756,0.0,0.0,0.0003613521389836796,0.0,0.0,0.0,0.0,0.0,0.000815033662913735,0.0,0.0010017840073606032,0.0,0.0,0.0,0.002922557502455846,0.0,0.0,0.0,0.0006152752636749147,0.0,0.0,0.0,0.0
80,0.013819825447478291,0.010604104075931781,0.02607844063769508,0.0052163439490515665,0.0,0.00041431443741155445,0.0017802977319223221,0.01936395339755822,0.00875018084199488,0.0006629030998584871,0.24494671535281698,0.02524085102318803,0.010742835928272703,0.004372650080947715,0.0015238162165578215,0.3912136173318424,0.011599010075650059,0.08230604141851781,0.006425060814013029,0.02583815491493874,0.003409215942129362,0.007839749088613892,0.0015152070853908278,0.0004557458811527122,0.002651612399433948,0.002121289919547159,0.00501762959599013,0.0006629898411452883,0.005101172196437004,0.0,0.00582102777727638,0.005088519341423856,0.0,0.007803393325821856,0.011274561221950313,0.004272939209190752,0.013739484287583634,0.004920878691180397,0.009132908393006468,0.009961729508960425,0.0,0.0,0.0,0.0,0.0,0.000596612789872638,0.0,0.0,0.0002612426009294485,0.0,0.0,0.0,0.0,0.0,0.0,0.0,0.0,0.0011640638560780337,0.0,0.0,0.0,0.0,0.006288910271238128
81,0.02765592183763368,0.0,0.0046682589886384886,0.0035690903518441845,0.006353623905625324,0.0,0.004842650104616929,0.006221236061563664,0.02223254259582195,0.007740259393315672,0.2397762571013587,0.003096846434549643,0.005877279725093307,0.0005016018872862098,0.0062203152959411515,0.3655427290930233,0.0056848213892437115,0.06357206817027006,0.0005016018872862098,0.008826977211662049,0.013479505716885045,0.0009152034434695756,0.003308394241172594,0.005604948106595956,0.0,0.0,0.011614153161377785,0.0045501813380934095,0.0,0.0,0.008262201299448385,0.0,0.08668578731133562,0.0033919225414022042,0.006939313324833577,0.01576183369964532,0.004788018015004729,0.0031638464148888547,0.02588345621481287,0.009232626663661593,0.0,0.0,0.0,0.0,0.0,0.0,0.0,0.005566199321304418,0.0,0.0,0.003962333931040996,0.0,0.0,0.0,0.0,0.0,0.0,0.0017703596021866237,0.0,0.0,0.0,0.0020064075491448394,0.00022922666892112052
82,0.014874085846965604,0.00031043538260388083,0.0034679101099271683,0.01470574308715496,0.0008876706522649091,0.008541478897582618,0.002974404233402783,0.004011161759922055,0.026778762306954817,0.0,0.2622587204837851,0.004493832677091101,0.0,0.0,0.00010358887224308124,0.36224962061212046,0.012900650852450417,0.03856611448328466,0.0039491256859285435,0.023093408389317067,0.008748346165250203,0.0,0.0,0.0023967107611152535,0.0,0.0009035219139124971,0.05562877013539957,0.005425150113188451,0.0,0.011481131634887192,0.000713306774141445,0.007506182054042279,0.0061191438819352476,0.016082929795517144,0.013546876327938658,0.010646905240480092,0.00045936956254709094,0.010179071732671442,0.01932580044310534,0.017583228967514408,0.0,0.0,0.0,0.0,0.0,0.0015217211181684153,0.0,0.0,0.0,0.0,0.0,0.0,0.0,0.0,0.0,0.0,0.0,0.0,0.027565119045186003,0.0,0.0,0.0,0.0
83,0.022444715571014563,0.019146151014115733,0.01574689870246062,0.005955049943130991,0.003672879209865456,0.01993730223171,0.0,0.003125428681431376,0.005949818323173865,0.0009735906950883585,0.2273625622168923,0.011676847855966921,0.002327561217677894,0.005854018325633514,0.0008468794168110836,0.40676262511129885,0.0056615457309037226,0.0733022299395618,0.00298961876664738,0.0272192472254649,0.0,0.01142931878673923,0.0,0.0,0.006044394269004592,0.017680479087269003,0.0038624343112037933,0.0,0.0024700649656989922,0.007690919740817687,0.00457868401036685,0.015499749868163278,0.005930267084314926,0.011376019902318945,0.011235266929693701,0.005974509734241675,0.0,0.0006538407262144584,0.008424495680097708,0.002400171958274051,0.0,0.0,0.0,0.0,0.0,0.0,0.0,0.0,0.0,0.0,0.0,0.0,0.0,0.0003643345824406017,0.0036711177188616276,0.0,0.0,0.002568867564326952,0.01141484576701628,0.0,0.0007410194897096977,0.0016467099771326616,0.0033875176672443323
84,0.011700686687826168,0.008182583267668983,0.011964139054510388,0.0025107735831180135,0.00979629347684287,0.020252449133257404,0.0011710677642756847,0.011391465278717636,0.022469979243792956,0.0,0.2207593509025939,0.002676726318344422,0.0006978748640990892,0.005780548941392315,0.0,0.3897584539354659,0.004015089477516633,0.04637583753851005,0.009202840008784153,0.022133201390066904,0.005912886054468794,0.0,0.005459788339746359,0.000604422071884223,0.0,0.007595677256929185,0.0,0.0,0.0032472032128858346,0.000803017895503327,0.0,0.004948066044672224,0.044877165699007876,0.0,0.018431598317079363,0.02348669796856448,0.0026580834297635757,0.012846468582184868,0.0052053115230872565,0.010953910402453528,0.0,0.0,0.0,0.0,0.0,0.004784648294040655,0.0,0.0,0.006769942360306817,0.0,0.0,0.0,0.0,0.0036357373780522705,0.0,0.0,0.0,0.0009125203357992357,0.0,0.030154172630700225,0.0,0.0,0.005873321336086446
85,0.024041815407082067,0.005648980725222506,0.01204430873218877,0.019358682652081672,0.004102386720845946,0.0137896815712934,0.0010917996478252226,0.010521994620786922,0.00880697727282203,0.002843228249544842,0.2317310733718373,0.0056033866057048475,0.0007108070623862108,0.0,0.022944336566300277,0.40176443469748896,0.01732750347956635,0.07153483796864982,0.000946586966007003,0.029275929149740556,0.0,0.0004975649436703473,0.007031299827828491,0.005511529739022325,0.0032567887222059097,0.0,0.024750006414424826,0.0,0.0,0.0,0.0,0.012207001213295017,0.0037886016425185,0.005312463521670971,0.0018575757897026294,0.0035382395994335808,0.007491967190291045,0.0033022841643574733,0.021874944194041575,0.003226095393957419,0.0,0.0,0.0,0.0,0.0,0.0,0.0,0.0,0.0,0.0,0.0,0.0,0.0008585323645179777,0.0,0.0,0.0,0.0,0.0,0.0029640955005303606,0.0,0.0,0.0033585633697748446,0.005083694941381856
86,0.027021727772658394,0.011223190439619172,0.02484581687074292,0.00564881397893169,0.007018608816441764,0.0,0.000910382543394428,0.023514574838218918,0.0,0.0009841274726588363,0.2279907551618014,0.003181853847122646,0.00173083531080154,0.008128825429026952,0.019444088598973897,0.38581117892225647,0.0,0.0841626245142579,0.008141172122508061,0.0,0.019430021340509328,0.0,0.012454170295183226,0.004226091596178342,0.0,0.0013231873291822867,0.018866272573972262,0.0016155297239359016,0.0,0.00060372737088262,0.0032106267846171528,0.0092246400777171,0.004527955281619652,0.005703936737818265,0.01960891421535088,0.0,0.0009147384407312438,0.009589357575512623,0.01883171671691127,0.00982066081383674,0.0,0.0,0.0,0.0,0.0,0.0,0.0,0.0,0.008959209642362005,0.0,0.0,0.0,0.0003132895392248018,0.0,0.0,0.0,0.0,0.0,0.01101737730503919,0.0,0.0,0.0,0.0
87,0.020141018012048168,0.0,0.01859658938940633,0.0,0.0004826704658426482,0.01503582495709667,0.007342175278219464,0.00271157709200738,0.0007802646746301701,0.0,0.2101582670406349,0.016304831095243152,0.003160071932252189,0.0034395340759207503,0.017448258536806073,0.3859332571675539,0.02652331200657779,0.05476294949086085,0.003812150267478831,0.0,0.0008287806179139642,0.004965967825953561,0.0037354959262235177,0.0008359978656751825,0.0,0.010298123934859653,0.010470494952803826,0.0015286818115203336,0.0,0.0,0.0,0.011645917829182855,0.05947798320154228,0.02564082596802565,0.018842129776520215,0.0153268151733332,0.016389906063809353,0.011154712267251465,0.0009896000074614709,0.008823541959577913,0.0,0.0,0.0,0.0,0.0006687982925401459,0.0,0.0,0.0008970389796768639,0.0,0.0,0.0,0.0,0.0,0.0,0.0,0.005751409071288721,0.0,0.0,0.0,0.0,0.002140154536128467,0.0,0.002954872456131917
88,0.01610991642531803,0.005823652367143234,0.0008126520279111538,0.0,0.004294731336062237,0.0036174931565634647,0.0,0.0,0.027539691850418116,0.01051137819414347,0.2586730713382782,0.0047458878430011375,0.0,0.001077896580646909,0.012540236799385887,0.3661903395033373,0.0034363571465957365,0.054000279718446134,0.0,0.013810331440820821,0.0,0.0,0.000914233531400048,0.0031098231534299387,0.0008876033928914311,0.02839907864333992,0.006110816248874675,0.004276283862207221,0.0,0.0,0.0,0.0,0.042668639657566294,0.010187859640559158,0.019653372079980948,0.01685048120708793,0.014305919074626226,0.020577322237508994,0.009373181368556869,0.022933177840638853,0.0,0.0,0.0,0.0,0.0,0.0,0.0,0.0,0.0,0.0,0.0,0.0,0.0,0.003490126604081586,0.0,0.0,0.0,0.0,0.013078165729178266,0.0,0.0,0.0,0.0
89,0.020280746047200295,0.011552801695233485,0.0037008213516199736,0.05185462735929875,0.005699258698058198,0.0010833950202849651,0.0018360402944246619,0.002110603330741323,0.01886347368193774,0.0,0.25043651886473317,0.004730784617036749,0.0041786840610205135,0.006073902473357129,0.003939618255581691,0.3707796246255929,0.027101154372063976,0.10896686205986059,0.008027851574822603,0.005855565415034506,0.008921813560862465,0.0,0.0,0.0,0.0,0.0017411705683151237,0.008380807612876583,0.0,0.005229355911714017,0.0,0.0,0.002901950947191871,0.0024486789179627103,0.0051922229861939674,0.0,0.016372076682978916,0.013149540439515621,0.00888840256688461,0.0014509754735959363,0.0015560498419802061,0.0,0.0,0.0,0.0,0.0,0.0021667900405699307,0.0,0.006781069067572195,0.0,0.0,0.0,0.0,0.0,0.0,0.004643121515506993,0.0,0.0,0.0,0.0,0.0,0.0,0.0,0.003103640068375647
90,0.026665855376926346,0.01070015094325783,0.009230736475349884,0.01494594828495978,0.004178980590870733,0.0,0.005481025758783948,0.008691601204190285,0.003526874038964714,0.002350676582364788,0.2302682850590315,0.0,0.004625907920937956,0.0068372134893661795,0.0046943758708499796,0.40911259179172366,0.010587016624105923,0.05791938853023376,0.011661341950050802,0.03292128812376316,0.0016182193864105418,0.008904077963502986,0.006595770119404376,0.0,0.0,0.005211871510454306,0.0,0.0,0.005713450026581082,0.0,0.0,0.026311741186778332,0.005172499379505192,0.005854431261003217,0.016396164474966737,0.016874891264938918,0.011216612773940903,0.010690372591954619,0.016755226459957126,0.002856725013290541,0.0,0.0,0.0,0.0,0.0,0.0,0.0,0.0,0.0022944525284269487,0.0,0.0,0.0,0.0,0.0,0.0,0.0,0.0,0.0,0.0,0.00313423544315305,0.0,0.0,0.0
91,0.018233562109079202,0.013137263299794826,0.00888271945033652,0.007450139983259731,0.002725225525797019,0.003229135300206903,0.005623693929726247,0.006674435935600426,0.0009212903310292275,0.0033719162151152316,0.23029868680876892,0.0017578183497703518,0.0074380188930999866,0.0006457328630484361,0.003494579332939665,0.4268132166148054,0.011429186698102979,0.06169462745450781,0.005496244821159954,0.046163890839684106,0.006123960498527076,0.0011358628765080836,0.0006004590434269035,0.0,0.007173508190000046,0.012126394492386162,0.007429922507050071,0.01053475818077395,0.0067740675788087,0.0,0.0,0.0,0.009113807759516892,0.01819029744406252,0.005730372376844044,0.00902022918570193,0.003495231584630315,0.015420246367161985,0.008160244670201823,0.0017212427356774335,0.0,0.0,0.0,0.0,0.0,0.0,0.0,0.0003930541081369225,0.0,0.0,0.0,0.0,0.0,0.0006004590434269035,0.0,0.0,0.0,0.0027840742979450654,0.0,0.0034693189175776674,0.00452110338580257,0.0,0.0
92,0.020332894274222194,0.01200060736733971,0.02308564634873927,0.025604920755862653,0.005900517075735801,0.015175778488210704,0.005632260039629086,0.0185286328714478,0.017065977117762116,0.007101306855749619,0.23382516780175105,0.008452166373745561,0.002577890947596395,0.001348321676673739,0.0051364454702123785,0.3932422055428188,0.006491522717580887,0.05200042361276803,0.0028379544577227245,0.0,0.0009687906249120942,0.003434163377412373,0.0,0.0,0.0008013047880628872,0.003937421941641653,0.0018621158503562135,0.0,0.0,0.0024221476058227777,0.0034768755157891366,0.0,0.05561306808721361,0.004701693050193032,0.016031975509580812,0.009244980284602328,0.0,0.006276431545450902,0.011233996040587887,0.0189506583175835,0.0,0.0,0.0,0.0,0.0,0.0,0.0,0.0,0.0,0.0,0.0,0.0,0.0,0.0,0.0,0.0,0.0,0.0,0.0,0.00041734624378275356,0.004286391421439339,0.0,0.0
93,0.02719629871349703,0.007408070698624426,0.012631338250048063,0.00907767523561143,0.0,0.010097067659311542,0.0,0.0008227153255171792,0.0033107595331975056,0.0040452562429683205,0.23811845621554892,0.013305553118762227,0.012828768357074399,0.008461157500150375,0.0016025063731812865,0.42495041985024823,0.007989198668714514,0.06301559257278665,0.002475032671149139,0.020964888670386934,0.0,0.0,0.0048415250449307225,0.004586421435725243,0.0,0.014635934377116116,0.007039796302352907,0.004141465282688174,0.0,0.0,0.0,0.001535735274298729,0.010497064580109891,0.0023147829410587522,0.0047388402749789504,0.0077603274550819565,0.003615564929330944,0.005123345184606687,0.02977444000971423,0.01306363446988245,0.0,0.0,0.0,0.0,0.0004936291953103075,0.0,0.0,0.0,0.0,0.0,0.0,0.0,0.0,0.0,0.0,0.0,0.0,0.008078862219597966,0.003159226849985967,0.0,0.0,0.006298648516451892,0.0
94,0.026209180352564917,0.0056790482552009575,0.019107577759642554,0.0,0.0,0.0025091902846890906,0.003728668046344063,0.007589910956558139,0.0,0.008053037244551685,0.22636195763749412,0.0024670443550194013,0.0009132418438854575,0.003174929268369977,0.012306729287759277,0.4216630022586924,0.007818479581055643,0.058064726489978305,0.0,0.035733962567322974,0.0068091923137680735,0.0,0.003057020390414374,0.003916057517391098,0.0008285928991875696,0.0009667198462737975,0.006182665700611703,0.0,0.0031817967328802666,0.0,0.0,0.0,0.024082732716776207,0.012498518668574427,0.021953530534849962,0.0016189430491818694,0.0,0.008415194418595312,0.007620438004766329,0.021948717149480317,0.0,0.0,0.0,0.0,0.0,0.002697238604866684,0.0,0.0009523529449811149,0.0,0.0,0.0,0.0,0.0,0.0,0.0028408899400716673,0.0,0.0,0.0,0.029048712378200267,0.0,0.0,0.0,0.0
95,0.0032490216796478393,0.007886502067870579,0.0026607066674871867,0.004678885273795964,0.01859006069492225,0.0,0.008983838721809901,0.0160059079308352,0.010384938486324078,0.0,0.22722702764780178,0.0009555946116611287,0.01660975329470887,0.009028899005539505,0.013861766338583608,0.4174267799853024,0.006746554838959213,0.08345117121095211,0.004690787869679381,0.01349603753486994,0.005440222347317307,0.0,0.0,0.004491728899660093,0.014842539041206845,0.0036783106638690883,0.00385991273995452,0.0,0.0,0.0,0.0010026277839538297,0.0,0.0,0.006960751868243068,0.007949793267533934,0.02565379009283695,0.009966074613302794,0.007129532910260142,0.020586012643424922,0.014142187536399278,0.0,0.0,0.0,0.0,0.0,0.002707518066373199,0.0,0.0,0.0,0.0,0.0,0.0,0.004243385962132203,0.0,0.0,0.0,0.0,0.0014113777027809059,0.0,0.0,0.0,0.0,0.0
96,0.018329381903777673,0.004520133334496907,0.007000260265914217,0.01786992786170732,0.005571482027249978,0.004328463975093969,0.00680855456318854,0.013340621545372822,0.03141683041669669,0.004517361983106597,0.2430512767471333,0.006527297828461091,0.0006544052872549726,0.00048672821715692365,0.004219063113254586,0.3588980608902325,0.00493010621482623,0.06006621764478043,0.0,0.010987736226547917,0.0,0.0033079080883160416,0.0,0.002662866011094415,0.002242413483026876,0.0029957242624812164,0.015374788535869656,0.0,0.0,0.0,0.0,0.00186400620776609,0.06543142170936266,0.024180012008314992,0.0040229697746104786,0.014994552920510737,0.012100189957556408,0.017773585844910848,0.0033179823626575244,0.0014146475683939081,0.0,0.0,0.0,0.0,0.0,0.0055807293749120775,0.0,0.0,0.0,0.0,0.0,0.0,0.0,0.0,0.0,0.0,0.0,0.0009500957475124328,0.0,0.00814760553480697,0.0,0.002853070726172588,0.00726151983547138
97,0.007764083178021742,0.0021726036188775143,0.009024775100996496,0.004026745847418344,0.0076005839608169964,0.00443875663724996,0.007059378673883586,0.004228083139789261,0.02134432802849406,0.0,0.2271485270180193,0.006221666500573085,0.0018447573081203424,0.0,0.008408588168755091,0.4428577316583371,0.010216793329706554,0.053474422893204615,0.0057783065411213756,0.03261763299927861,0.0,0.010091303668357397,0.0,0.0,0.0,0.0006396653559701016,0.0007550148463909395,0.0,0.0,0.005746056658096683,0.0,0.00248076306671309,0.012992102522534023,0.011635019590950623,0.003145895193295581,0.024312497660005643,0.0018552128595390057,0.0,0.024204370637833424,0.012096918710447983,0.0,0.0,0.0,0.0,0.0,0.0018791480621285596,0.0,0.0,0.0,0.0,0.0,0.0,0.0,0.0,0.0,0.0,0.0,0.0,0.0,0.029220213118065372,0.002718053447007382,0.0,0.0
98,0.013114935227828068,0.0008427320795156416,0.02301454444172471,0.004934118405812784,0.009595410219604444,0.008697142908334673,0.002437678409230533,0.006923520114087226,0.006673803843570587,0.0,0.2144230131428125,0.018839993228850684,0.005276918169101961,0.004547426655386383,0.008983469524431539,0.4514562693811681,0.0,0.037179710416706355,0.0008903477465471003,0.010636503744742723,0.04582578190496839,0.009509280882347442,0.0,0.004790266557246813,0.004514262879359472,0.0,0.02175895117595812,0.0,0.009650201363931063,0.0,0.0033115540124603344,0.0064891765519894595,0.017384941510074033,0.0,0.00633037057101532,0.0,0.004944397819158227,0.004617654328679353,0.00510389452300204,0.012420850775472296,0.0,0.0,0.0,0.0,0.0,0.0,0.0,0.0,0.0030160586552180346,0.0,0.0,0.0,0.0,0.0,0.0,0.0,0.0,0.0,0.0024217458706081115,0.0,0.0013583510492192925,0.008084721909836098,0.0
99,0.00672434997606777,0.010305948452078611,0.01808581483990274,0.0009023021501226666,0.004887274676335411,0.0033106885651559485,0.008199521370895168,0.000172344907084132,0.02621776114472602,0.0015194123706529891,0.2780676142890379,0.004260700999882154,0.0012485550441845162,0.0009813249491510605,0.0036422379997459856,0.3770874783689568,0.006296190163723183,0.07242365827213589,0.009374549193149322,0.006613486884094926,0.002227365643908823,0.0,0.0,0.004348237028210182,0.0005689392867768508,0.02821324644130285,0.011114221655330816,0.0,0.004032222854772582,0.0,0.005720718393974996,0.005205622991053812,0.0017595415912380471,0.002621339787793219,0.0,0.005211337538526344,0.01978167628824501,0.020123716051130603,0.013901758210923874,0.0081981972494036,0.0,0.0,0.0,0.0,0.0,0.0,0.0,0.0,0.0,0.0,0.0,0.0,0.0,0.0,0.003952942752918347,0.0,0.0,0.0,0.006654693190999931,0.01604300842640691,0.0,0.0,0.0
