,AGE,PTEDUCAT,FDG,AV45,ABETA,TAU,PTAU,CDRSB,ADAS11,ADAS13,ADASQ4,MMSE,RAVLT_immediate,RAVLT_learning,RAVLT_forgetting,RAVLT_perc_forgetting,LDELTOTAL,TRABSCOR,FAQ,MOCA,EcogPtMem,EcogPtLang,EcogPtVisspat,EcogPtPlan,EcogPtOrgan,EcogPtDivatt,EcogPtTotal,EcogSPMem,EcogSPLang,EcogSPVisspat,EcogSPPlan,EcogSPOrgan,EcogSPDivatt,EcogSPTotal,Ventricles,Hippocampus,WholeBrain,Entorhinal,Fusiform,MidTemp,ICV,mPACCdigit,mPACCtrailsB,Month,PTETHCAT_Hisp/Latino,PTETHCAT_Not Hisp/Latino,PTETHCAT_Unknown,PTGENDER_Female,PTGENDER_Male,PTRACCAT_Am Indian/Alaskan,PTRACCAT_Asian,PTRACCAT_Black,PTRACCAT_Hawaiian/Other PI,PTRACCAT_More than one,PTRACCAT_Unknown,PTRACCAT_White,PTMARRY_Divorced,PTMARRY_Married,PTMARRY_Never married,PTMARRY_Unknown,PTMARRY_Widowed,FSVERSION_Cross-Sectional FreeSurfer (5.1),FSVERSION_Cross-Sectional FreeSurfer (FreeSurfer Version 4.3),APOE4_0.0,APOE4_1.0,APOE4_2.0
0,0.00462553621850166,0.001023444562510905,0.00626314726945112,0.00472607327047208,0.007110246434286279,0.00961817920963867,0.005142440615483669,0.11109783841740477,0.0042860617739092985,0.09684093484032513,0.004924939288688833,0.07109896932900886,0.004629868258977896,0.0,0.01482548985186406,0.002472683103409802,0.13950734447628946,0.012228806715125282,0.2164944367754981,0.00227432125002423,0.0,0.007663190573001236,0.0002767772115054716,0.009240493695114038,0.00832899526726653,0.00854208851510768,0.020965058640500467,0.0025792302527747318,0.0037611057939065298,0.005117222812554517,0.0001079242113982109,0.0019744745951588423,0.006587235304238438,0.03888568960422243,0.006861633581970863,0.039353245123868105,0.00514923825784332,0.002302750265649533,0.018653231664973954,0.006405521134519767,0.004292340110841185,0.04853106129214032,0.017807080418063757,0.0,0.000701790557150334,0.0,0.0,0.0,0.0,0.0,0.0070250073958803,0.0,0.0,0.0,0.0,0.0006396528515693171,0.0,0.0,0.0,0.0,0.0009030393198625623,0.008154159888047392,0.0,0.0,0.0,0.0
1,0.01511954330163857,0.004300365028876931,0.007383825888019031,0.0007506006016436397,0.003569522861149753,0.007419470608728105,0.0028735113941711046,0.1558034795800906,0.014066060308729688,0.0038870539576875297,0.00533760427835477,0.012096628978244197,0.0014776154626212526,0.0004549094555415994,0.00184735119502939,0.0016709022088762773,0.08407180699541851,0.009491251580774133,0.015597921637428189,0.00020016016043830233,0.007146744190008674,0.003405322210054261,0.0,0.0,0.009796527378557159,0.0004697069071056397,0.007872966310573286,0.01788433004670435,0.015639234587133788,0.002362013528694486,0.002360863430810763,0.0024400476701050377,0.0014456011587210837,0.006759876747048083,0.010502676434814354,0.00831435261894984,0.007555993134506736,0.006066120219036351,0.0,0.0,0.00506259431002147,0.20992824962077708,0.31646584507162273,0.0,0.0,0.0,0.0,0.0,0.0020016016043830393,0.0,0.0,0.0,0.0,0.0009650094691551791,0.0,0.0,0.0,0.0,0.0,0.0,0.0,0.0017792014261182572,0.0,0.005344626540433208,0.0010109099012035553,0.0
2,0.0019446713138623075,0.0,0.006006239735079247,0.0008251442506333943,0.0,0.01055858935286423,0.000754233416594588,0.28730244531769256,0.0013408594072792683,0.004434788129787059,0.0,0.22853956171645168,0.00605650462757778,0.002340409147251086,0.0038359520617355855,0.0009137476490415602,0.35990834078632383,0.011763247841777074,0.007834271088374036,0.0019274853979639518,0.0,0.0012799112524029374,0.0,0.0,0.002808490976701302,0.0019300684476998462,0.001508466833189176,0.0,0.0,0.0,0.0025141113886486266,0.0,0.0006869294803741085,0.0026677391381325524,0.0,0.002831570709221348,0.006109290674416156,0.0,0.01144588380934087,0.001856574563925142,0.005061908464093611,0.0075167342726414005,0.0105277779523048,0.0,0.0,0.0,0.0,0.0,0.0,0.0,0.0,0.004737374597041822,0.0,0.0,0.0,0.00023067619957704057,0.0,0.0,0.0,0.0,0.0,0.0,0.0,0.0,0.0,0.0
3,0.02693937432833633,0.0,0.006183157878208097,0.012322449286126285,0.005629999993098569,0.0033256115238436785,0.008376806949953254,0.2790288435268842,0.02731051298775896,0.009809789405217362,0.04231373228052224,0.0010304368354799407,0.06994720001232703,0.0011733681684227707,0.003171203843335886,0.0011319598495068838,0.0056262719469048665,0.004728056902367525,0.010831788364007888,0.0002002086604200058,0.006424378071080199,0.0,0.0031753210282355515,0.003842714611287073,0.0,0.00028075500175352326,0.013098199241471644,0.00841890709992194,0.16984334028579195,0.000178277797912416,0.0022340952507585395,0.0009511795284254805,0.012715606371234478,0.003696603767816579,0.003874983800293172,0.0,0.005303158225086373,0.004901676317379239,0.02937538726408863,0.006872192570979116,0.0017259300215212087,0.08066824403917858,0.10017216896871953,0.0,0.0,0.0,0.0,0.0,0.00016838823634582342,0.0,0.0,0.0,0.0,0.0,0.0,0.0,0.0,0.0008335217699118324,0.0037014947019110944,0.0,0.0,0.0,0.003375929142211007,0.015086774143963417,0.0,0.0
4,0.0,0.001599000029819736,0.00288345763766314,0.004478644807626754,0.0005171066866700604,0.0,0.005789037064444708,0.7570897580294225,0.0024920459322437436,0.007067604859009319,0.0,0.005437367412090593,0.006028944933343709,0.005513900780466625,0.003494666687330433,0.0,0.0322071798568603,0.00268430361324527,0.004646253482717186,0.005117250333698765,0.0032050385262321845,0.004452292962825129,0.0034789473059243536,0.004811955715841412,0.00069978825119168,0.0,0.010128186832330839,0.0028196136053418993,0.0,0.0,0.0,0.003941207430711544,0.0,0.0,0.002491615064704544,0.0,0.007367243432192637,0.0,0.004032685457586923,0.01199081853871164,0.004880765631508471,0.010342044137533967,0.07362153207983965,0.0,0.0,0.0,0.0,0.00017727969030189154,0.0010877579889144757,0.0,0.0006637027847446758,0.0,0.0,0.0,0.0,0.002156385367879719,0.0,0.0,0.0,0.0,0.0,0.0,0.0006046170490296114,0.0,0.0,0.0
5,0.03206985270696914,0.003003853332872856,0.012746098126216682,0.007151488989550346,0.012943390273574776,0.0008761238887545831,0.0,0.22327515665700282,0.0325030606098075,0.008693143982659123,0.0706390467300728,0.0065915667505944825,0.020421385837847753,0.0027169294659873827,0.005585734754837113,0.007851555425525318,0.016585164281408188,0.013816517974341021,0.0653946505217086,0.0016161908912555147,0.0005507064443600242,0.014695949816705986,0.0004005137777163812,0.004728959413498381,0.003264327328170922,0.0,0.036097864367751205,0.0,0.012813039531518218,0.0,0.0,0.1640513326003844,0.01107223664018945,0.010801795525252516,0.014606737094329988,0.029832615378036526,0.00408571900196368,0.01976282598691286,0.003008978955623398,0.00330150242079099,0.0011400988786131098,0.05962282974477206,0.055765470752125304,0.0,0.0,0.0,0.0,0.004412478494273081,0.0,0.0,0.0,0.000630809199903299,0.0,0.0,0.0,0.0005786775482693658,0.0,0.0,0.0,0.0,0.0,0.00029361989785288916,0.0,0.0,0.0,0.0
6,0.006221868518420805,0.0005334529646788683,0.0041906580508028635,0.0014062578842124517,0.0,0.013965936110940241,0.004888283733398033,0.7369268779013786,0.0002666839413700043,0.019103480390181296,0.008924410906191567,0.0666473543678365,0.00559649778411259,0.0004918970025505914,0.0,0.0,0.007835703790833438,0.0027521069213755547,0.02426412434796072,7.056828592526771e-05,0.0,0.0006232994769665893,0.001676901395311341,0.0022697122401382015,0.0041940810707630114,0.0,0.0014648151816386643,0.016382127347916522,0.0,0.0,0.0006052565973701867,0.00028172604382095977,0.0025801690365891165,0.0,0.00852120311155636,0.0012838776307852455,0.00040260256849336524,0.004683096500864276,0.0005464122059591968,0.02384907225895218,0.005110098632382551,0.01659224928351574,0.0031150606294759516,0.0,0.0,0.0017320758853313495,0.0,0.0,0.0,0.0,0.0,0.0,0.0,0.0,0.0,0.0,0.0,0.0,0.0,0.0,0.0,0.0,0.0,0.0,0.0,0.0
7,0.05260251149861037,0.0016274792258920373,0.005953625723211581,0.0,0.030054831342776225,0.0047744484457859365,0.025589722440430483,0.16152502416756026,0.005459168372031833,0.15194182386728564,0.007321225369569822,0.009292966688888578,0.0012999175823824487,0.0016055294420515803,0.000782221529345997,0.04063046683807207,0.01749803203433506,0.003481506616327261,0.012722529495735496,0.015169931196067927,0.017080882640588328,0.009800380093423985,0.00250310889390719,0.0039020420277295913,0.0052127541772832775,0.003911107646729984,0.004578937547687776,0.0069495075951893194,0.0021394093110317864,0.0,0.0006953080260853307,0.002717557469207335,0.0,0.18454887969440037,0.007593026863721085,0.0046933291760759815,0.0,0.014989096229346603,0.008939070539500526,0.011023618511165156,0.002370541924098614,0.12150195528213412,0.01819688095267014,0.0,0.0,0.0,0.0,0.0,0.0,0.0,0.0,0.0,0.0,0.0,0.0,0.006653922521898945,0.0,0.0,0.0,0.0,0.0,0.007121748530406907,0.0,0.0005348523277579459,0.002939589338990423,6.953080260853304e-05
8,0.030213617784019816,0.0036061563969479755,0.007522703972851882,0.0,0.006842484998722835,0.004439212736710947,0.005353398470496564,0.12469552855462605,0.06890176686598325,0.044808005048477415,0.0006198081307254329,0.07184423383441285,0.004673512998585896,0.002945541994989715,0.0005118146166470992,0.0005165067756045277,0.14931286009527864,0.044752878639228943,0.038997566583094376,0.0013087832557492109,0.018342551541421906,0.0,0.0,0.0006886757008060367,0.0024792325229017324,0.001670038574454639,0.0013084838315314698,0.03187659741518683,0.0063614751533374245,0.0024809722977848065,0.004389951941701124,0.005155723560473643,0.0006886757008060369,0.2145696711822924,0.0007378668222921827,0.003910417388897898,0.012018508557527096,0.00944412185137119,0.00048207299056422635,0.009051544746692966,0.007087665839369958,0.023690361977467555,0.013499463163080082,0.0,0.0,0.0,0.0,0.002801000329328755,0.0,0.0,0.0,0.0013773514016120739,0.0,0.0,0.0,0.0,0.0007008599632049115,0.0003308344052891743,0.0,0.0,0.0,0.00507360062859898,0.0,0.0038799908369199624,0.0040359079219314834,0.0
9,0.019753657448456245,0.0,0.020473757717467598,0.0,0.000707433996208314,0.00768662491031658,0.0,0.1262708997897636,0.00113769303324648,0.008557184216619088,0.018170722133904665,0.23268014415236463,0.004069674843642008,0.006133784816559833,0.001253956734296025,0.000139495196202481,0.18529576539812206,0.003590641719920671,0.01576061236483548,0.0,0.006348766632638712,0.006437649365495655,0.00035948127511029705,0.0,0.001118577989298792,0.005932860978523788,0.10655719609529082,0.00938947136435672,0.0011004528829907103,0.0074733434546415374,0.011631664667524076,7.576557486931838e-05,0.004044950382764423,0.012166482159327873,0.0006228978582966262,0.006915777169829549,0.0072465794948368715,0.006275567687865789,0.00014390537700647871,0.007770912373675337,0.004881294573837364,0.10843921537737906,0.028712301478957522,0.0,0.0,0.0,0.0,0.0,0.0034283339816249046,0.0,0.0,0.0012445033319320351,0.0,0.0,0.0,0.0,0.0,0.0,0.0,0.0,0.0,0.0,0.0,0.0,0.0,0.0
10,0.008625683141247191,0.003481721059618008,0.019045813382257682,0.0,0.0035041837761316734,0.004447617869705585,0.0,0.26204174158111315,0.0011693725754550251,0.004192456803606468,0.001886868187147823,0.011280014468285105,0.020507443757561746,0.0018335845340223865,0.002228905517591189,0.0024644808974991967,0.027633431628484858,0.011310286337559063,0.0025322268891050915,0.0002447806573463538,0.0,0.004790609829649145,0.00043320953276353077,0.0,0.0006770277098937041,0.003465676262108248,0.0015009178761403146,0.001617315588983849,0.019089926435633318,0.0008618589651821834,0.0,0.0,0.004312841570623597,0.0117901430650607,0.0,0.0056589996604466215,0.0,0.012579310002820551,0.005832004854841217,0.007506879654227537,0.005777879408594196,0.21590682683411855,0.3042800073862969,0.0,0.0,0.0,0.0,0.0022743500470085373,0.0,0.0,0.0,0.0,0.0,0.0,0.0,0.0,0.0,0.0,0.0032136022518698005,0.0,0.0,0.0,0.0,0.0,0.0,0.0
11,0.004294803501401007,0.003962406946393755,0.0010064408505420844,0.006853344384251285,0.0,0.009359032008316264,0.002905692589615479,0.20969806815572697,0.09685527629695558,0.02349839937729657,0.001817102389927399,0.034233784304111795,0.004462852809942334,0.0,0.0,0.09080825938881092,0.36769239165775386,0.013729068407310046,0.008122816729624706,0.004948305349224752,0.0001667066412777429,0.00012928270139906197,0.0,0.0,0.0017395475611590577,0.005234728335627942,0.005430664636013244,0.0,0.004181499810137911,0.0,0.005423090944349716,0.0006492036865695765,0.000709945703487465,0.0049264727782034005,0.007924843352221912,0.0,0.00787443698519233,0.007537508695411487,0.0,0.0,0.009678398753367078,0.0033427929108160426,0.04794500322137131,0.0,0.0,0.0,0.0,0.0,0.0,0.0,0.0,0.0,0.0,0.0,0.0,0.0,0.0,0.002857828136189881,0.0,0.0,0.0,0.0,0.0,0.0,0.0,0.0
12,0.00022404867425802804,0.003241237487599496,0.01211163739730194,0.009609380497461514,0.0021906921640946916,0.0,0.0031180863937462027,0.07327178342357182,0.00446900509267844,0.003853103748013686,0.005030670683878383,0.004017259422391072,0.050090199020101846,0.0,0.009101166022322374,0.020005813679314186,0.18796825662800887,0.010756041383214891,0.016191436589487494,0.0,0.000638425565739294,0.004208625547902422,0.014060669426251646,0.00231516963399964,0.004051546859499371,0.0014688992311116798,0.050834664650933344,0.03529459189610493,0.169300061948204,0.004690630143884689,0.0,0.0,0.0014067871039928372,0.0,0.00331490197595403,0.00047268046694159374,0.004659278888424275,0.004258182510793513,0.015814968188058193,0.0016148844783440152,0.002561941054417884,0.2072502889708105,0.051396390302691254,0.0,0.0,0.0,0.0,0.00028647301026763183,0.0,0.0,0.0,0.0,0.0,0.0,0.0,0.0,0.0,0.0003858616056666071,0.0,0.0,0.0,0.004464258232561719,0.0,0.0,0.0,0.0
13,0.0,0.0009296446695291312,0.0019487892917147947,0.0,0.0009421208274251898,0.011526557658547333,0.008954208560453057,0.19055142431769867,0.01500145742387783,0.008230194309186367,0.06969902409361343,0.005908550795730464,0.0008124589382859931,0.0005235767658921854,0.001239970394538378,0.00691112846884848,0.34083009774334794,0.05931145120219409,0.021027971668103013,0.0016167733383115343,0.0025146842214284317,0.0033070363738190458,0.007670180107929176,0.0005475894547271309,0.0,0.0002314050584325679,0.0031023150744873902,0.0016701044032905597,0.008520211768658791,0.003747803759310489,0.0001428320327885973,0.008752279359006087,0.01731117925889406,0.04182447873605811,0.007309140599171895,0.0014361642549666795,0.0006257023747110439,0.0,0.007151332396053769,0.004402268015536147,0.006630076021219503,0.026105094136103717,0.09424435593699625,0.0,0.0,0.0,0.0,0.0005052416682223544,0.0,0.0,0.0,0.0,0.0,0.0,0.0,0.0,0.0,0.0,0.0,0.0,0.004486709700544049,0.0,0.0,0.0,0.0,0.0017964148203461479
14,0.014824308824504223,0.005793751748750733,0.00044848391606498717,0.0,0.004584337143589935,0.0043556427307446305,0.0006214026962181525,0.11955733259702998,0.003934546296068255,0.012582728441629547,0.02071773678710308,0.14936211028719526,0.0008799798050062969,0.058069332098732385,0.0008537572605743669,0.0005305720494683083,0.4010537075266001,0.0006225707463990118,0.021688976983561484,0.0008689524891540955,0.0007542684042911117,0.006327032743363571,0.0017743518465024605,0.0,0.0031229868034427823,0.0,0.0027460594286096334,0.013521785317738249,0.005431530477823682,0.003385123778698884,0.0,0.014053873181332572,0.00176360341872898,0.0016268004900909278,0.0,0.017099546704155064,0.0035328414943337962,0.007711236951282619,0.005641057566743421,0.00022689374763228918,0.00011174346730238653,0.016594858562161165,0.0419688420843824,0.0,0.0,0.0,0.0,0.0,0.0,0.0,0.0,0.0,0.0,0.0,0.0,0.0,0.0061238112695377895,0.002394115097021179,0.0,0.0,0.0,0.022737406736430366,0.0,0.0,0.0,0.0
15,0.007344719786875729,0.0005106571972660099,0.003689478651060481,0.0009049145922140297,0.0037743850715920273,0.0013128126910784855,0.004174965526484891,0.6311787789841532,0.015997336715483725,0.00038789314378185404,0.0001283807095258876,0.0013617525260426922,0.005154756195126591,0.002212847854819376,9.524162012500623e-05,0.03900447445671473,0.010550935285664732,0.07436062528523553,0.006387468560347539,0.0008842548870407124,0.0002700026560257047,0.0010411217040017303,0.0,0.005027209973041235,0.00589460253281267,0.0022849863626970062,0.0,0.006565592536277267,0.0013617525260426924,0.0003404381315106733,0.0,0.01058822664210395,0.0,0.006592823634702876,0.006027807202407757,0.00045959147753940794,0.0001414496461910542,0.013138784190409872,0.007218404434448897,0.0029850436131578584,0.006628602172334504,0.0470606653576427,0.06430569265778736,0.0,0.0,0.0,0.0,0.0005733694846495558,0.0,0.0,0.0,0.0,0.0,0.0,0.0,0.002077153323581807,0.0,0.0,0.0,0.0,0.0,0.0,0.0,0.0,0.0,0.0
16,0.0032844047537346826,0.0010897982252264908,0.017157439360214802,0.01360492974419176,0.004316562149877249,0.0162647323129123,0.013827875432749095,0.09399833537379461,0.027414104849508732,0.006036350263153882,0.00015994433353302452,0.1872670817862495,0.005047292484146609,0.0,0.006422726293611278,0.00032577166872275174,0.01027789143521883,0.01661975366795777,0.05013833136193475,0.0,0.010865319367145963,0.002130341660836562,0.0,0.005222996102467977,0.0005741591460159838,0.004627596528065526,0.004806459026053493,0.03203462847358947,0.012797547513138536,0.0,0.0015870104154766603,0.004904267139278198,0.0016784441802331913,0.00452808213773191,0.016430004678609382,0.008765584903460223,0.0014948108549320482,0.003959637023396381,0.009909998902396746,0.0051618759353114375,0.005394947072822467,0.33100251181906426,0.04426058473565504,0.0,0.0,0.0,0.0,0.0003444954876095902,0.0,0.0,0.00427467592284921,0.0,0.0,0.0,0.0,0.0,0.0,0.002536739499670618,0.0,0.0,0.0,0.0,0.005548403794559161,0.0,0.0,0.001905552182891904
17,0.012936856599839716,0.009002804968912361,0.02691507197824453,0.0025781493804374177,0.007485692583977182,0.006531507244724874,0.017692181047947498,0.08792079498199339,0.007123820995263489,0.004184898369559073,0.0,0.011008272277231206,0.002925587447071513,0.0038481885448829953,0.0,0.0028315974874333675,0.3561804902283367,0.010596290702686476,0.028103819240741467,0.0013546829840910854,0.0029410880575661737,0.006618154175850183,0.0005080061190341571,0.003541528372695266,0.0031602174075764035,0.0,0.033494949795900786,0.0,0.004437920196120073,0.003291520846206453,0.0,0.00020052873119769183,0.003375418435360288,0.004003448935666863,0.006950029410102176,0.013650741223333887,0.0014305656023728827,0.0,0.0,0.007723208342543308,0.008190236447097996,0.24653823564556657,0.0463452248014308,0.0,0.0,0.0,0.0,0.0,0.0,0.0,0.0,0.0,0.0,0.0,0.0,0.0,0.00044323886578693324,0.0028899903660609826,0.0,0.0,0.0,0.0,0.00104504115915598,0.0,0.0,0.0
18,0.005828658027909153,0.0,0.010455284097468267,0.0,0.02459016038128052,0.022950797367671083,0.017416103913731572,0.13236831445670383,0.006752659585647231,0.14614350163374246,0.002329106054108989,0.013436749994765207,0.01306790596542648,0.0006067040553277535,0.004124697103587033,0.018917041769559422,0.02161564464730821,0.005934679425461039,0.24474168863428047,0.0008312774690952118,0.01665389434739013,0.01032942259185246,0.0,0.00831517857157461,5.1724225682574396e-05,0.004213857432670679,0.0010111734255462564,0.0014308325720037705,0.004746897469925479,0.0020223468510925124,0.0,0.001348231234061675,0.007465447571055667,0.011422258273726685,0.008496628337470242,0.01996811773202471,0.014083717669918247,0.009123421184721967,0.0024095327111531097,0.003958678300401546,0.0084973897475184,0.12899580946421813,0.03338163186886373,0.0,0.0,0.0,0.0,0.003350113861065752,0.0,0.0,0.0,0.003727711437123503,0.0,0.0,0.0,0.0,0.0,0.0,4.9833815775102955e-05,0.0,0.0,0.0,0.0,0.0028351747200893104,0.0,0.0
19,0.0039840963755454475,0.0,0.004905977557076713,0.0,0.012543213773276642,0.007949518408681551,0.012610869459353937,0.37454704333025823,0.0009055796136735984,0.011700351840439119,0.0727634032137162,0.013911270177433417,0.0,0.0033552443400585896,0.00597282779919256,0.004850302102256811,0.04163431384220051,0.005120627015505796,0.22463803883772254,0.002567821304550023,0.003486481512643349,0.008918760522697274,0.017217282330822314,0.00012395377064989549,0.0,0.000597682545024574,0.0064601851887780455,0.004035729658716802,0.023057172840221223,0.0,0.0,0.009356660865527906,0.0,0.0007471031812807178,0.006258425880113085,0.01608491205450535,0.0,0.0,0.004308906675475408,0.019684403827209665,0.00206030776979823,0.014130188846375022,0.05951134353921947,0.0,0.0,0.0,0.0,0.0,0.0,0.0,0.0,0.0,0.0,0.0,0.0,0.0,0.0,0.0,0.0,0.0,0.0,0.0,0.0,0.0,0.0,0.0
20,0.00472119732201102,0.005557152510891437,0.0025368355911583856,0.005357642702596885,0.0045764660586068455,0.004763163213570087,0.003940022777517868,0.15164963543876567,0.005298805084991654,0.008199923322937779,0.005355541803556591,0.09104239482394999,0.0018050930522693271,0.0024734147013794256,0.0032978862685059005,0.0029985245685373563,0.0015391120951435112,0.0015177772031191921,0.26240696447679135,0.005719771496939923,0.0,0.0,0.005534471911939736,0.0036068038644771396,0.0026271282653433274,0.0031681448822665718,0.0009542494989889754,0.009697822859624951,0.013369374004418282,0.0,0.0034431056922611327,0.008577473409599946,0.0,0.011405778448224274,0.004756566733421974,0.0032148987278073043,0.004892801646398862,0.04534948993875041,0.028656987080463273,0.0,0.005192584129032986,0.14212378141425422,0.1249747862696231,0.0,0.0,0.0,0.0,0.00047112660978655745,0.0,0.0,0.0,0.0,0.0,0.0,0.0,0.00014567403744059483,0.0,0.0,0.0,0.0,0.00037788280159963504,0.001465035910346711,0.0,0.001236707350689713,0.0,0.0
21,0.018695648954840768,0.0018200494288232159,0.01790360497933143,0.0005190601701335963,0.004880043502291976,0.002421087552186363,0.008056666954178749,0.09893897723014689,0.012037304401183455,0.022174866238109256,0.00615496085953154,0.015425267597579418,0.0038046161450208315,0.0022021197110988705,0.00952314918477386,0.008111040371112769,0.0009470571525244562,0.005796171899825159,0.011399085085732364,0.011808264533759834,0.0,0.0027985592920585734,0.007124545069357832,0.0019526549257406723,0.0006228722041603153,0.00824781367310263,0.0,0.045734192500911285,0.00657821683832208,0.009196912548428006,0.02014768080498866,0.005338390592410641,0.005813786533492597,0.01571283904950348,0.004496303268635892,0.001464385263658539,0.0,0.0033271825292937704,0.013515018382216587,0.005932813380509893,0.013421509636318722,0.52490552415833,0.03696623523017974,0.0,0.0,0.0,0.0,0.0,0.00037413336020834326,0.0,0.0,0.0,0.0,0.0026020604430354428,0.0,0.0,0.0,0.0,0.0,0.0,0.0,0.0,0.0,0.0011073283629516723,0.0,0.0
22,0.012595567808091552,0.0014231582701715012,0.004254622939813757,0.01749024504844395,0.0029511573533493657,0.009986690592415068,0.004977773619925794,0.051377293948262175,0.024049619884008503,0.0028160791544824277,0.0024733509247118492,0.025345337308138243,0.01505536402639729,0.006160475914328589,0.0026159961306824815,0.0004996668534771416,0.4587572951726321,0.003950370662904337,0.01580223855224795,0.003755829181969845,0.03301265382211556,0.003585411799073317,0.004322567329586116,0.0,0.0036871249896167375,0.004526393849145867,0.009747745333154497,0.007888261618833953,0.0,0.005975129909901835,0.013496476240507184,0.0029886323673601516,0.008619102597986978,0.0,0.001387188548642097,0.0020636363870128517,0.004179505034814005,0.0023859092253533483,0.0036315073100927956,0.00737562552985754,0.001472976245146156,0.19407626975901635,0.009493612848714007,0.0,0.0032806867477572286,0.0,0.0,0.0003435209617655348,0.0,0.0,0.0,0.0,0.0,0.0,0.0,0.0,0.0001277850649965925,0.0,0.0,0.0,0.003380160916950062,0.0,0.00017158592754853717,0.0,0.0,0.0024423962885967133
23,0.022777776140558013,0.0019421456900824562,0.0,0.0022618339313093053,0.006770893355481129,0.0005924839118544869,0.0,0.1075788679477203,0.012353054738338826,0.02515217595998559,0.005349176903828559,0.006727577648643472,0.005534287736115162,0.008491767191836884,0.0053669808898507134,0.0003366385862809589,0.10545588793633069,0.0172879261039349,0.12239816527816696,0.013176371530184383,0.0,0.005032068028754607,0.002663169494586858,0.0,0.0009576263215999497,0.003281865351077535,0.005199348614233258,0.0029695827869265176,0.0,0.007284809738314749,0.008753529962904861,0.001721744200122274,0.00038889293400217687,0.03935263857414352,0.011101330187643295,0.013971793993166155,0.002322806245338616,0.004268079259633273,0.003250966918941828,0.014322323004199538,0.0013782379767738084,0.04072187984116179,0.33804006902325223,0.0,0.0,0.0,0.0,0.0,0.0,0.0,0.0,0.004756161939148568,0.0,0.0,0.0,0.0004488514483746116,0.0,0.0,0.0,0.0,0.0,0.0003366385862809589,0.010765888711768666,0.004419460414765406,0.002736224962382175,0.0
24,0.005862676999619129,0.008526888431795701,0.003645962409454555,0.0,0.005922297273264892,0.0,0.0,0.5535573412986248,0.01108330856676492,0.00048734640065533063,0.004991348907174495,0.012228832182759792,0.0009278325704784187,0.0013633647584657173,0.0006701013009010793,0.0035515368947757206,0.036298538876507455,0.010447398921988675,0.0,0.00956617802610695,0.003585421262443926,0.0032164862443251805,0.0,0.003402052758420864,0.0008509222868585152,0.0,0.006273895879936412,0.0022991769674915374,0.0014636597379536274,0.005945232018536572,0.004850257035093529,0.0023900279732138488,0.0005268382641567098,0.0030459499354772946,0.004215444704834068,0.0,0.003936482468403079,0.0033398601063941995,0.008084935515244987,0.0026133950735142087,0.0,0.008708291636179888,0.25915842561035124,0.0,0.0,0.0,0.0,0.0,0.0005141601746403487,0.0,0.0,0.0,0.0,0.0,0.0,0.0008041215610812956,0.0,0.0,0.0,0.0,0.0,1.8771336653155054e-05,0.0,0.001288656347886691,0.0002680405203604325,6.854076121073692e-05
25,0.009175179750422896,0.0,0.0018062429344094587,0.002406945545597313,0.001633275695097721,0.003805607308816267,0.0,0.34071222310387117,0.0,0.00513563587351631,0.09053251263189516,0.012807226904458822,0.0,0.0,0.0,0.002251940360926693,0.3721368421119815,0.010479051802414636,0.04290072699530867,0.0,0.001593209507050175,0.000980436619723186,0.0,0.0,0.0,0.0,0.0,0.0,0.0,0.00033191864730212044,0.001531932218317478,0.0,0.0,0.00015576365215472406,0.007812691179082213,0.0007158324324574656,0.00555702033801407,0.0,0.0070394947089982484,0.0015563192576007693,0.006952146860668133,0.009303205514382283,0.04304274955076502,0.0,0.0,0.0,0.0,0.0,0.0,0.0,0.00341402037225038,0.0,0.0,0.0,0.0,0.0,0.003456695626903511,0.0006127728873269916,0.002556675230806435,0.0,0.0009714677425642495,0.0056933810325469555,0.0,0.0,0.0009388556023688545,0.0
26,0.011052707147534145,8.528092527945566e-05,0.0026359558722740695,0.005358430841754696,0.0,0.0029379171250555817,0.0080554336420644,0.11108822290419129,0.002506517629952684,0.0039505373386597075,0.0004245221711904344,0.06699263014990373,0.0034218015779753632,0.001640275051528797,0.004428298014679304,0.008249864553710065,0.14747668324159566,0.005799102919002944,0.030857346273001334,0.00254418667183213,0.0018777771053872854,0.005346766475200944,0.015330827803884077,0.0,0.0017530757612307082,0.0077363431681136815,0.0046933585379973115,0.026179190953834263,0.00472916049385508,0.14918028381588289,0.0,0.006985147861064874,0.0,0.07700694145564764,0.00020210554553810745,0.024099121405180463,0.005226622300057497,0.010068266038492469,0.0009551463631298958,0.007900903687995548,0.015559493455731897,0.18522917734562663,0.020819323425040923,0.0,0.0,0.0,0.0,0.0026415507655133223,0.0006140226620120761,0.0,0.0,0.0,0.0,0.0,0.0,0.0,0.0,0.0,0.0,0.0,0.0,0.0,0.0,0.006359679522396602,0.0,0.0
27,0.007560256348953345,0.0,0.002294593806459678,0.005501478196211606,0.004126931885444925,0.0034921106978462024,0.0004941361986106435,0.48209271700310113,0.00855106897245556,0.19021160326898254,0.0017925493643907824,0.020684573648920367,0.0012263137177864186,0.0077136957441980925,0.005281373063371307,0.0032283970596240826,0.002449446336434608,0.0069205374795760595,0.05959891084763179,0.0011129870609870893,0.008714291230880895,0.0015348865784511499,0.0007489413840651261,0.0,0.0006441725754909193,0.001606128692983323,0.0019325177264727593,0.0,0.0037797325730939044,0.004643430779442334,0.028737005345004486,0.0002317817210878532,0.0037046672141356264,0.008977061768075927,0.0034459766313167895,0.0023479318492294313,0.0023585426246870607,0.0008064086315404857,0.0011022508513955735,0.000305189957896516,0.011863232712670578,0.04400709264212621,0.049132689790095545,0.0,0.0,0.0,0.0,0.0,0.0,0.0,0.0,0.000967492910315867,0.0,0.0,0.0,0.0,0.0,0.0008350385237845257,0.0,0.0,0.003239854584770959,0.0,0.0,0.0,0.0,0.0
28,0.0009697340759017358,0.004000182664256925,0.0009061902475662939,0.001545480441191658,0.002289322730693794,0.0012891048766330263,0.013117391598617625,0.1870752385507643,0.0051084857946071234,0.15260866910220203,0.007224810005505081,0.04921966929763385,0.000494285589581615,0.0020389280570241607,0.0007281885917943435,0.015055313513051418,0.0953009763978018,0.02895157354224738,0.02693121689207859,0.009165354687911565,0.015585136301006693,0.003447641987331761,0.0015049230897083096,0.0002019821636141714,0.0,0.0032392969768702496,0.004117687094369718,0.006715110300632041,0.0012008349504956566,0.0,0.004106632194146374,0.0,0.010196078090649648,0.0029455942448465312,0.0019204528965718274,0.008997290186327535,0.0028714903469756934,0.004123165626426633,0.0,0.007230986270921039,0.004015119866139886,0.01702170972684495,0.2931918328178741,0.0,0.0,0.0,0.0,0.0006116784171072479,0.0,0.0,0.0,0.0,0.0,0.0,0.0,0.0,0.0,0.0,0.0,0.0,0.0,0.0,0.0,0.0024503505523657126,0.0,0.0002848892417098088
29,0.00934642090309581,0.0014690946680888154,0.015287393003208015,0.0,0.004122445029029937,0.019388813146875367,0.011802352700249687,0.1306339467499354,0.11643478756757539,0.031854270840097294,0.04133200083489998,0.013563987498799085,0.016305549410440483,0.003087145348329592,0.0019364219325814446,0.0029520244681525585,0.004066797791140757,0.013302384227051305,0.08293176660466814,0.0007218635882168566,0.006609500049221102,0.00193950836633385,0.001451444187304291,0.0008768130646549746,0.004816880709515335,0.0,0.007899058703572858,0.1946050282000229,0.009267389747965945,0.003573631521771927,0.0076668048940592435,0.004037327581443939,0.011975955229015933,0.00849583099369165,0.0135737150936958,0.02049948968472555,0.006844816458854353,0.0068063285114713015,0.0038331644897558153,0.009305790857476341,0.016561672611157055,0.048640530443585836,0.08269579433125442,0.0,0.0,0.0,0.0,0.0,0.0,0.0,0.0,0.0,0.0,0.0,0.0,0.0,0.0008141113230072139,0.000703673652539248,0.0,0.0,0.0,0.0,0.0,0.005966272981467156,0.0,0.0
30,0.009157000194713523,0.002671583850910143,0.0044964608597735205,0.007144890652175005,0.005303444095413031,0.0,0.00401428059434079,0.5799199433969361,0.034751483157685385,0.006551494274247592,0.0,0.038825661499885686,0.0009252289560772496,0.0008309709157751161,0.0018184167397840923,0.00221046450501755,0.12222916193097413,0.008189070598810171,0.03200533210060145,0.0,0.002051849951041642,0.0003627679481771,0.0026911040864326316,0.0052544583338021335,0.0,0.0,0.0,0.0,0.0006017375596992216,0.0,0.002365805790270444,0.0,0.004494022559147993,0.0012021483707159444,0.005352794233709689,0.0,0.0010036739120121794,0.0,0.004583422194457461,0.009343647107551808,0.0034627767903061706,0.0,0.08584266110298427,0.0,0.0017396594700074292,0.0,0.0,0.0,0.00279215344936192,0.0,0.0,0.0,0.0,0.0,0.0,0.0,0.0,0.0,0.0,0.0,0.0,0.0,0.0,0.001798845085873336,0.0040115837313281465,0.0
31,0.004172226214526558,0.003531077244431493,0.005884530076583653,0.0,0.0,0.007967026335842248,0.018952605694305794,0.16078965804364675,0.001757402499532725,0.010064680010226888,0.002196753124415907,0.009552531896805948,0.006299257385284977,0.0,0.011284958717783584,0.00797192986687459,0.014482044350249634,0.004960014166796436,0.007901694867381358,0.006578055189223185,0.009492290703145988,0.0,0.007054018366179966,0.0009303895585761487,0.0002711206420219306,0.005153230657475633,0.00893229146463901,0.0161296930674691,0.0008884645969859891,0.01884981424441522,0.0007537878368093785,0.00017902590179803067,0.0008201211664486053,0.012950282600693901,0.0007322510414719689,0.002911594490704778,0.010842174998374088,0.000512575729030378,0.008745599984525529,0.006282795699360378,0.005308675996331282,0.07708442146221205,0.5102499618077359,0.0,0.0,0.0,0.0,0.0,0.0,0.0,0.0023397935344721486,0.0,0.0,0.0,0.0,0.0006834343053738373,0.0011144675712953867,0.0,0.0,0.0,0.0003209169781755419,0.001495012543005268,0.0,0.0,0.004625347367360748,0.0
32,0.021408942045257007,0.009249352182719543,0.02815179140249283,0.0008788587547365899,0.002946262884828982,0.0013410733590795375,0.004153922148455845,0.10751389398906196,0.017508704377160778,0.12990224517748838,0.00083891062952129,0.002056662674622967,0.004036890880314165,0.004817274623644464,0.0020506704277187086,0.0005807842819762774,0.03301163511179189,0.006501625666183523,0.024191777756625756,0.0002734227236958291,0.006965345940605396,0.001046281194455957,0.0004206503441474268,0.0020506704277187086,0.00898582849543184,0.004341136994162589,0.030962059388056743,0.0,0.0,0.0,0.033475686896177206,0.0034978837329502736,0.0030286824778614774,0.010593620670079625,0.0035118196384266013,0.0043179368663252785,0.02175971627470327,0.02029818039063842,0.0,0.011236067828557572,0.010234090366896863,0.36819871115319497,0.051359542716498036,0.0,0.0007634803746275769,0.0,0.0,0.0,0.0,0.0,0.0,0.0,0.0,0.0,0.0,0.0,0.0001360669645658084,0.0,0.0,0.0,0.0,0.0005629291370208224,0.0,0.00083891062952129,0.0,0.0
33,0.003097884441002851,0.00987848587676147,0.02059807602735489,0.009127494849307421,0.007798858008578518,0.0030042195969604184,0.0,0.23016972029932603,0.015519844990887146,0.009312748319033193,0.003489967743865801,0.05386139813473701,0.008681088833041828,0.0017507474728523339,0.0014461808734041294,0.005020877050482158,0.105903272343715,0.020391008871071228,0.009209219700492694,0.007988316475929558,0.0034584246107155206,0.008667146549990446,0.0004007126170057282,0.010068778741350284,0.004306513825083016,0.001610512065904823,0.0007441805744392116,0.21897746924512884,0.03953853753897849,0.000628055693592651,0.01277476356261365,0.0015607588065727287,0.0,0.014401779445893369,0.0075544467562636735,0.04434489224512257,0.01352762955797373,0.00039767995501849903,0.0008014252340114554,0.00024288091275653093,0.004580390546630779,0.070449458042582,0.007743829065233844,0.0,0.0,0.0,0.0,0.003201386437073131,0.0,0.0,0.0,0.0,0.0,0.0,0.0,0.0,0.0,0.0,0.0,0.0,0.0,0.0,0.0,0.003768938061261282,0.0,0.0
34,0.006745459315649365,0.0012458862891865186,8.663531391065187e-05,0.004176904531609937,0.003826866448069649,0.008331912533862392,0.0,0.4371103290397541,0.0035950578062316826,0.01377242313583945,0.004036927040530811,0.007476613308181949,0.032730388131368436,0.0,0.0016857088799067915,0.001892910596395334,0.15024527366000875,0.01105121456642981,0.03617881305885508,0.0029362648894084744,0.008427141792997073,0.0,0.0006126554853854649,0.0,0.004626005130395254,0.0008112473984551438,0.002462715316738828,0.0013084098642005297,0.0,0.003102288244212801,0.009294517169466164,0.0004506929991417463,0.1653294712754943,0.004674897938923579,0.006734842722043146,0.0020945409180098498,0.006494767739188353,0.0003863082849786401,0.004326652791760765,0.0,0.008191173107759091,0.024601198177936708,0.014803557618869001,0.0,0.0,0.0,0.0,0.00010174507505707458,0.0,0.0,0.0,0.0,0.0,0.0,0.0,0.0014199293462759041,0.0,0.002619653057511401,0.0,0.0,0.0,0.0,0.0,0.0,0.0,0.0
35,0.005124201836552513,0.0,0.0027260802858532843,0.0,0.011744549799683533,0.003931570653145576,0.004729501102271499,0.0665761910108916,0.012407678920083775,0.01030701533059266,0.0036484722788951594,0.16748863999640218,0.0017374347799316834,0.012622220109958334,0.014686695465472754,0.009074133183730418,0.0761398905243822,0.018796300317893738,0.25717772602281397,0.004516775249505535,0.008659186021963007,0.0006831501592169943,0.0005752843446037857,0.0008197801910603935,0.0038053735211626936,0.0008440585601272895,0.0013587097611093546,0.0,0.008251337900228634,0.0015134403527268796,0.00897024901092259,0.007710743101024705,0.0006148351432952945,0.005693181402057644,0.015049299891155254,0.008903536492955723,0.004825859254428258,0.006900780383163305,0.003636198081648108,0.011770927666817982,0.01369819810743074,0.04958659362687645,0.11994631750593619,0.0,0.0,0.005291104814788114,0.0,0.0,0.0008670752020831072,0.0,0.0,0.0,0.0,0.0,0.0,0.0,0.0,0.0,0.0029559381889196863,0.0,0.0,0.0,0.0,0.012843436385193302,0.0,0.010790328061044222
36,0.005456156800287707,0.002372242087081611,0.0024756722577006143,0.0037375542058764376,0.0005535231536523754,0.0017297598551636753,0.013725093785675723,0.31835023660199213,0.008139366697680703,0.004376808559693091,0.19091012000065233,0.04084905534947405,0.05467098711841902,0.007619634453301136,0.00039682726089049057,0.0020017011068843944,0.0604041794266042,0.001259468181140021,0.006799128754782746,0.0015647673766711438,0.06288489248212835,0.005687450403778165,0.0,0.010648424289904415,0.0033254633215521663,0.0048225044008382845,0.0,0.02804949546109794,0.00880777857518542,0.000741325652213004,0.0,0.0036783925566117935,0.0,0.04382931536869576,0.005969543534789974,0.009493287454941544,0.0,0.0077314694421805105,0.006424464879553298,0.008057887524054386,0.020852148271697634,0.011700833376295385,0.021291592178033295,0.0,0.0,0.0,0.0,0.0,0.005659274168712233,0.0,0.0,0.0006515930167451358,0.0,0.0,0.0,0.0022140926146095048,0.0,0.0,0.0,0.0,0.0,0.0,0.0,8.648799275818391e-05,0.0,0.0
37,0.01109242006173381,0.003523827181343863,0.017897500297071118,0.017384091780586402,0.001885760024969523,0.0020044217952482173,0.016339599071828376,0.05945221989260783,0.004125901823338933,0.0026714933687068255,0.026340647740855865,0.02148299191711135,0.01404873164642331,0.006728399149756725,0.0019531085972898632,0.005238756804060742,0.3709316630676242,0.002874720639568202,0.020237789890014422,0.0,0.010350467143854222,0.002245141062141086,0.0011910063315596988,0.001616365735688163,0.0,0.0,0.02359605038854383,0.006362557670760082,0.008440047507547836,0.0036492891737385435,0.0030425177679573555,0.0,0.0,0.002779801754501762,0.0031959958864743224,0.00973013897259515,0.0044684608534665314,0.010783434723789278,0.008396896263988452,0.0,0.012067314337246855,0.02591174207895882,0.24332735207798287,0.0,0.0,0.0,0.0,0.0,0.0024245486035322445,0.0,0.0,0.0,0.0,0.0,0.0,0.0,0.0,0.0,0.0,0.0,0.00010454106748231642,0.007273645810596733,0.0,0.0012122743017661216,0.001616365735688163,0.0
38,0.020037668095289098,0.0005820254111636864,0.0059234261358008045,0.0034517651436998136,0.0010777510008755983,0.0005092722347682251,0.0022665412646278153,0.11790008451588341,0.0038026110762147207,0.003378172490629226,0.005159645901690518,0.03714667876986519,0.003310269525993464,0.0034156978131910953,0.0004243935289735209,0.0013580592927152667,0.15368658629527276,0.0023475024916935314,0.05366277860159774,0.01698919210308044,0.0014392476199971557,2.9101270558184182e-05,0.007626957992124133,0.008290628634576058,0.0,0.002386914151550213,0.00539821785341368,0.0005223304971981788,0.002730376045560263,0.0,0.015943863879354044,0.00912756440805741,0.0,0.006963986479295222,0.009112058469094972,0.008065551476270805,0.004159056583940505,0.002982507139001604,0.015519780741958351,0.003304276299539259,0.010747838753127195,0.3824857835192012,0.05442786928911727,0.0,0.0,0.0,0.0,0.003540047105730166,0.0,0.0,0.0,0.0,0.0,0.0,0.0,0.0,0.0,0.006491170783009975,0.0,0.0,0.0,0.0,0.0,0.0008487870579470418,0.0014259622573510322,0.0
39,0.012097285580468742,0.007021019579543307,0.0024718670559064396,0.0028251245451019493,0.009238011988257527,0.007067826376740262,0.009213379292199075,0.17577806851070935,0.00818595109122403,0.025642750878698002,0.005154859874946155,0.05804914709313404,0.07696261280527382,0.007327924725563041,0.0016902454543344999,0.0021751849239709437,0.07785833528972541,0.0005070736363003499,0.012762801962043473,0.003488581430279734,0.019367518293420885,0.0025906907121710653,0.0018029284846234658,0.0,0.0032114663632355498,0.0,0.0,0.008908133049285942,0.009812672180045463,0.006200962384238359,0.0,0.0,0.012162026396647208,0.0006536466194724381,0.005632163729754736,0.010568227381989185,0.0016097575755566695,0.001478964772542687,0.008465715089852513,0.0016028473966957415,0.010377155680753408,0.29595230037859377,0.08721232289517031,0.0,0.0,0.004546967664240101,0.0,0.0,0.0015212209089010497,0.0,0.0,0.0,0.0,0.0,0.0,0.0,0.0,0.0,0.0,0.0,0.0,0.0,0.0,0.0,0.0008042599483893367,0.0
40,0.0013128244024500934,7.04982631006637e-05,0.003992958014566588,0.00971645910011883,0.008303257599735308,0.00573114903271121,0.0028896367677485584,0.15171717443338667,0.0067849913833642654,0.0004744718628420181,0.0,0.011389482447396909,0.012952297729196878,0.000508362710187876,0.0007262324431255375,0.0,0.3623607124293097,0.0003142605844797792,0.014124894267738367,0.0006100352522254508,0.031001513277102575,0.0020576585888556886,0.0,0.007723297081276102,0.00027112677876686686,0.001386443755057843,0.006761224045498751,0.0016467011850848157,0.01120928138724745,0.0008318662530347063,0.0,0.0,0.0,0.0001552416977504076,0.0030527400229764276,0.004344190432514577,0.016482997766396928,0.0,0.0024788734058684998,0.010713152801002039,0.006623817230375829,0.22153648249385913,0.0637264788607794,0.0,0.0,0.0,0.0,0.0,0.0,0.0,0.0,0.0,0.0,0.0,0.0,0.0,0.0,0.0,0.0,0.0,0.0,0.0,0.003758532213345088,0.0,0.004270246765578158,0.00598843523394414
41,0.0035429793065763584,0.0005037439682860036,0.021830378061633852,0.0,0.005445364344633874,0.006553449853638207,0.0032977139745416183,0.21893345697013072,0.0032611863611433562,0.008316354967339849,0.0,0.007941665816745245,0.0036941224340973594,0.0015352197128716302,0.0029151850016551155,0.0,0.044056003325522404,0.005913417989616202,0.015974909939668956,0.0034002717859305245,0.0015836370481257256,0.003167032043038745,0.0,0.003454244353961168,0.0019946225814960953,0.0036998924744033345,0.001391292864789915,0.028136275320265264,0.0,0.003350215753834508,0.03085802661867271,0.0,0.0,0.006386188420498521,0.011387880801006707,0.0001679146560953344,0.0008059903492576047,0.0211918857580158,0.0017538396321129931,0.00955326528194439,0.008805561715877293,0.49738534545514945,0.003734102114120056,0.0,0.0,0.0,0.0,0.0011378687283636784,0.0,0.0,0.0,0.0,0.0,0.0,0.0,0.0,0.0,0.0,0.0,0.0,0.0,0.0,0.0,0.0,0.0008059903492576056,0.002133503865681899
42,0.002108963129043572,0.0,0.0,0.0,0.004630438912189509,0.003912748178113588,0.002849426286483504,0.3873303820870832,0.004462565981056201,0.18630204574040374,0.0013856519146900662,0.022437830407827042,0.017833357062650147,0.00032712893990278157,0.0009692788005041537,0.005429117952843107,0.06857436076671714,0.012561155499284955,0.1130970975251448,0.0,0.01279698601794106,0.0030400897988890866,0.004357268464827524,0.0,0.0006313014629702782,0.004944455801783832,0.0013017693840513707,0.008248393235939453,0.018055297109341485,0.0,0.0006168717152452446,0.0,0.0049063520794963705,0.0036312345324471793,0.007351476251362204,0.004190190368835309,0.00988737884758258,0.003804042244012344,0.004642974884964995,0.0,0.004907021272130306,0.02888109709365639,0.03490324617396831,0.0,0.0,0.0,0.0,0.003476023157334317,0.00027844903813153407,0.0,0.0,0.0,0.0,0.0,0.0,0.0,0.0,5.9449088203903355e-05,0.0,0.0,0.0,0.0008567662711739514,2.0316521773327347e-05,0.0,0.0,0.0
43,0.0019545256040400232,0.0008686780462400111,0.021219433407811465,0.0029885744882630285,0.0073554639294719695,0.004289339773539146,0.0034203815922238634,0.17537845628743404,0.002792729863980481,0.010593751265602145,0.04189867917828124,0.19657891838623456,0.0,0.04730064366686745,0.0,0.0061574656965836475,0.010540754039391857,0.005754992056340069,0.11566156701580473,0.0,0.016667380873328856,0.002655407719980682,0.0015185829528105424,0.0039837522509866535,0.0,0.0,0.004920529042077798,0.18530294544875153,0.0,0.0,0.0024829714155026965,0.0023679829433561825,0.005906471402119543,0.0064065666843577136,0.007125760338140773,0.004005570990995604,0.013643943273796809,0.01025436691876346,0.008072398534678688,0.0019255696691653562,0.00013695374602883809,0.02646010640893931,0.026755873600029238,0.0,0.0,0.0,0.0,0.002702553921635588,0.0005811435880440184,0.0,0.0,0.0,0.0,0.0,0.0,0.0,0.0006656574574028631,0.0,0.0,0.0,0.0015591657240205314,0.0053301069679167635,0.0,0.0,0.0,0.003813883829060231
44,0.003888447561893665,0.0068683255920787886,0.021877101809998342,0.005518453771412277,0.0008961913387073319,0.007607941631271101,0.019372727888632167,0.11009230040828975,0.0725870420424828,0.01953337189806617,0.002523226851038461,0.009999275723894294,0.012218774035712835,0.0,0.011058964606180697,0.0037005020073227596,0.3894848837698963,0.0,0.00829270808166759,0.004654189254844361,0.014367343280914829,0.0008545449224391746,8.63034042954821e-06,0.004577531921841249,0.0002998883161824289,0.00019570674105958585,0.0027383624238279548,0.04889291505923178,0.012803306628151122,0.0025041576820936063,0.0027881508315339178,0.0016264213183947854,0.004670152642819314,0.003955845045456927,0.0032646095342925953,0.04210527318886605,0.016885552074876728,0.011522003155395658,0.0027143734637514482,0.0044123142430379635,0.0018556879379757355,0.07958174822331907,0.008730173860181224,0.0,0.0,0.0,0.0,0.0,0.0008847017061598001,0.0,0.0,0.000389506112289164,0.0,0.0018539677365770877,0.0,0.0,0.0,0.0,0.0,0.0,0.0,0.0,0.0021933846182109343,0.0,0.00572805765821077,0.007421261059089744
45,0.015539054597812824,0.004230101522840308,0.013205650726822641,0.0,0.00043542195133181,0.006979945825894799,0.01815258754135854,0.10490269158142003,0.0,0.008487976348630083,0.0220613374342354,0.012263178385993381,0.0027936740432128937,0.0008338666123567359,0.0021482935154040865,0.0,0.20356885090669388,0.0,0.013190482336800398,0.0009354768485644385,0.011122602325378882,0.003038545200465328,0.003973749711143357,0.0,0.016008069272969067,0.00031955682981264164,0.0,0.0030615605953018014,0.00804947455564747,0.004975503238518554,0.0,0.0,0.00973447726574242,0.2062248656103824,0.007112842208839367,0.012489725990775693,0.013813627108296008,0.006282741016512497,0.006534833532844683,0.011113812262669108,0.01313113858068106,0.014047878037367434,0.21149815786495887,0.0,0.0,0.0,0.0,0.0043542195133181175,0.0,0.0,0.0007661904598632177,0.0013720327112278449,0.0,0.0,0.0,0.0,0.000690189375431085,0.0,0.0,0.0,0.0,0.0,0.0,0.0005556165524806975,0.0,0.0
46,0.025922780161399376,0.0007194744665828504,0.020072503829900668,0.005770784784049944,0.001813989333251891,0.005458511637040038,0.004660484317265809,0.17414237717298453,0.02602049210227677,0.0,0.003777240949559962,0.06395513494081011,0.08725023244786077,0.006697253485619352,0.00019800921217066916,0.008914538827024704,0.101353471131723,0.016779089474527758,0.26412764712302894,0.009443102373899904,0.0032636491351461104,0.0,0.0015348788620434136,0.004072517684004273,0.0008058114025727925,0.00046489119379199557,0.006230231698995104,0.001553580550880711,0.007642802110533428,0.0,0.0010407740228924537,0.006248868865186637,0.0008633693598994206,0.023617069343251158,0.004112457200630242,0.00507506219889595,0.0012393300370451632,0.00535862638185322,0.0073017370165299016,0.010507597550594078,0.006771453854655586,0.011797670029847681,0.05043120260259936,0.0,0.0,0.0,0.0,0.0024174342077183763,0.0007834277525013254,0.0,0.0,0.0,0.0,0.0,0.0,0.0,0.0,0.0007834277525013254,0.0,0.0,0.0,0.0,0.0,0.0,0.007554481899119924,0.0014505295153333024
47,0.03255343787693059,0.006440711048865493,0.017489044553843158,0.006329750577255651,0.0032257960077552938,0.004356006567565364,0.005001094941868158,0.08670895374771874,0.007586321676125631,0.005316502613525178,0.000807974504337965,0.015544724016965564,0.000879005229994049,0.005446085880764854,0.0,0.01910690973074645,0.032187305312904604,0.02016717331440688,0.051637155151892,0.01611141847349371,0.0008063255767780915,0.008985899080857125,0.0,0.003250263658794584,0.0,0.002341492924304231,0.010079557005342937,0.00701411139291871,0.004328434844667671,0.0,0.000807974504337965,0.0024931784705285783,0.006716463512897894,0.1969195300630638,0.0039422052739127075,0.0038363152574020045,0.009049702558790777,0.006311644991679037,0.011751416326447084,0.019556997785124538,0.01211357882597478,0.3164821834088241,0.019418074555999035,0.0,0.0,0.0,0.0,0.0,0.0,0.0,0.0,0.0,0.0,0.0,0.0,0.0,0.0,0.0,0.0,0.0,0.00023909449618164303,0.0003895591360200903,0.0,0.013500426821606027,0.0027701983005873087,0.0
48,0.001809607841746378,0.0,0.005076996656903866,0.0,0.00788536890079946,0.008241851564356315,6.572843600653371e-05,0.2239508730082503,0.0215427472437621,0.0014653155826233539,0.0034104265317185987,0.026175659570679462,0.07030411966520556,0.0,0.0007682010958263597,0.02303277177991003,0.38789036814907446,0.0049102613622275925,0.06888772804554183,0.01094263888559635,0.0,0.0,0.0004115042127350519,0.0010042642885187047,0.0,0.007767207396232032,0.0029352912736787633,0.00024712500860445976,0.0017721860656657732,0.001073725883950324,0.014327772675272936,0.0,0.002325826861297705,0.0008535567731403998,0.009209042911984384,0.002585057655796639,0.0018209211160328522,0.005719703527311051,0.0013223390226014908,0.0006828454185123198,0.004609206574958158,0.038611852670026654,0.032712148957033206,0.0,0.0,0.0,0.0,0.0,0.0,0.0,0.0,0.0,0.0,0.0,0.0,0.0006274795737680796,0.0,0.0,0.0,0.0,0.0006303188478575244,0.0,0.0,0.0,0.0,0.002389958964793119
49,0.014569042932621578,0.008656002184330925,0.01132038997932762,0.006279877346102521,0.008002640552583646,0.0,0.006023696937300887,0.17221102413381625,0.011475236613630075,0.015807658133802492,0.08574486287927012,0.022570256293106307,0.003710774512254953,0.006482457642982506,0.007922109397568542,0.023949622266324487,0.18249411252521663,0.0060738203945279855,0.0,0.0,0.00025924843147375555,0.09789858012031999,0.00046108879906752934,0.009799590709707958,0.004439304244634209,0.0015801809156495577,0.0,0.018137736745130528,0.0030926590663167904,0.0662097729341154,0.004117475088112589,0.0,0.002837143007643523,0.02923440596742639,0.0005693298887266793,0.007022153401434148,0.005139127498235496,0.006150796119279299,0.0020739874517900444,0.009756537046608506,0.002942653791769107,0.07739184305983207,0.04279530141230356,0.0,0.0,0.0009758049771923516,0.0,0.001209826013544193,0.0006913291505966816,0.0,0.0,0.0032875590567074393,0.0,0.0,0.0,0.0009446371418213041,0.0,0.004294545587409651,0.0,0.0,0.001244392471074026,0.0011151049416117907,0.0,0.0010343002356978945,0.0,0.0
50,0.0,0.002747284558910665,0.004898793104858907,0.0010113832044182335,0.003815672998487035,0.004007943274254952,0.004100334317421782,0.3205949160701649,0.01112526522707894,0.003233429563162346,0.21406612675884748,0.16138241241209839,0.003288653548439595,0.0,0.004428442973506006,0.0034725885545205085,0.034709926552121066,0.00311794993590655,0.006405932340028077,0.0,0.0030884506152459765,0.0,0.0003956994220653162,0.024146400026620128,0.0055126288688098395,0.0,0.0068085158789071,0.0007963574835049011,0.0014625920194837301,0.0,0.016706019253177915,0.009653758407625258,0.004259881751695931,0.007477895237830065,0.003976655147571621,0.005732416297446907,0.009772024550236728,0.0042735537583054786,0.0069962758164013325,0.010914762300045615,0.0009805123341566676,0.030934104067577704,0.05497645276915129,0.0,0.0,0.0,0.0,0.0,0.0,0.0,0.0,0.0,0.0,0.0,0.0,0.0,0.0,0.0,0.0,0.0,0.0,0.0040011937430604475,0.0007267948568546737,0.0,0.0,0.0
51,0.01629306953319328,0.0016660525869394082,0.013400486233769729,0.0,0.00765744999211311,0.008060955513802365,0.015085938345687321,0.20328954659807238,0.005633959862408378,0.17737396778500233,0.0038254942822668757,0.029457987349161496,0.03706972809318915,0.0,6.80087872403e-05,0.007352325899684533,0.016705495034146426,0.010421110771762693,0.030197956961814158,0.024507460626444197,0.0029296658909087163,0.0005343547568880722,0.011347505719464092,0.0,0.0035835399430465768,0.0024653185374608755,0.02170829686453594,0.016272387048764894,0.011343216639962902,0.0032508733935636895,0.0,0.0,0.1626358297100136,0.017122213240074225,0.0,0.020715043842202456,0.007936630059930009,0.005684945063430654,0.00478037740051583,0.004916652584039006,0.004600402098418369,0.03075267741942802,0.05573687642274574,0.0,0.0,0.0,0.0,0.0,0.0,0.0,0.0,0.0,0.0,0.0,0.0,0.0,0.0,0.0,0.0,0.0,0.0,0.0,0.0,0.0,0.0,0.003616199107908134
52,0.022483020559708442,0.006199662570317225,0.0018281732396660147,0.002173416724541403,0.0,0.004946275188972774,0.00793774624749692,0.15499648552060877,0.006689361300439473,0.05557437825110355,0.003540128521930157,0.002621813307958209,0.004786196100930829,0.0034608836882926404,0.0,0.012276570678193651,0.027780901551128417,0.0056425551187939205,0.07231656029350172,0.004664185572994063,0.0046484281011917525,0.0026428680780733248,0.00837553529782875,0.0,0.010017320322142979,0.005566470269404592,0.007712330748514817,0.005951076074747018,0.0,0.00471229450144726,0.008562927561274365,0.0,0.12421967417169659,0.009304807414964759,0.005929555958908265,0.0032959601756275335,0.0033678378899472355,0.004729332314449902,0.003589867452435083,0.02442438751350356,0.007815374293240583,0.14396083964079545,0.2064301343429219,0.0,0.0,0.0,0.0,0.0,0.0,0.0,0.0,0.0,0.0,0.0,0.0,0.0,0.0,0.0,0.0,0.0,0.0,0.004344767964893763,0.0,0.0,0.0,0.00047989547541232933
53,0.01360691478529591,0.003472743650841715,0.005327305887964309,0.0,0.008339032874692147,0.01204337632953351,0.0,0.17613422098553919,0.005911443410937815,0.002836950846361717,0.001501915153956203,0.0020645373386128127,0.00417198653876723,0.002670071384811027,0.0007052003052625875,0.009797999059179462,0.01600536507211646,0.001615393187810671,0.14303379674059713,0.0,0.009398208777792249,0.0,0.0006675178462027569,0.0,0.003717020427802718,0.0008472341894111905,0.0,0.005315558575774098,0.006441389535532238,0.0005006383846520677,0.0,0.01610526230309974,0.026775295475881797,0.01133869852953427,0.0029121382960713674,0.006122828356508011,0.017160300476331727,0.003284583612332688,0.01070454718771435,0.0061501041562198626,0.00260331960019075,0.42422499853967155,0.02373653644015619,0.0,0.0,0.0,0.0,0.0,0.0008010214154433086,0.0,0.0,0.0041344628397089545,0.0,0.0,0.0,0.0,0.0,0.0010276261579700362,0.0011574980336129317,0.0,0.0,0.0,0.0,0.0014484222854591338,0.004186535004646006,0.0
54,0.003798621269340384,0.0015099689063114092,0.011612433005310894,0.0,0.0,0.002729707482044024,0.0030538882686127673,0.22706103319346793,0.003886381120421251,0.009591789483113641,0.0024444119877319514,0.0070902896928028225,0.00470966831425125,0.0,0.005700933541331314,0.004596870441158551,0.3472332887952211,0.0014345186760302288,0.029121655886978397,0.0036662564891418873,0.00207568968257274,0.0056113184772932055,0.005134207212786715,0.0008907174116787234,0.0,0.0,0.0022188406951639634,0.0,0.0,0.0018606773324416066,0.0029744459048684467,0.0016686697456342536,0.0378377064210225,0.0,0.0016199922924906786,4.718942061257957e-05,0.0016223781427005324,0.0020901111853849582,0.004806888129447301,0.0013802425102198111,0.001932538669981516,0.21702411179008185,0.03683445568015094,0.0,0.0,0.0,0.0,0.0,0.0,0.0,0.00025179896060917713,0.0,0.0,0.0002507514302500908,0.0,0.0,0.0003351361498791475,0.0,0.0,0.0,0.0,0.0,0.0,0.0,0.0022904162014595743,0.0
55,8.29208543142066e-05,0.008311704436409766,0.0008562479521575916,0.0,0.00144705903914633,0.0,0.00337750757514757,0.22369266059951387,0.10438198307296906,0.006243392635061729,0.007019846571332478,0.004383989515046866,0.01605679300884276,0.0015412463138836647,0.003522848717448376,0.005529322013227867,0.0048062895013396304,0.0016876651977319867,0.03457960451501384,0.0025531757118880875,0.020602322797408153,0.007997216251011538,0.0010274975425891098,0.0009140859075395367,0.0,0.0006849983617260732,0.0018803169285492543,0.0035881174432143004,0.0005641162978920608,0.0008847895505628445,0.0,0.0,0.010885192982474902,0.21051442312841415,0.005493698819031703,0.005242492238680561,0.013050018371321062,0.0017217015155828511,0.009527549702952163,0.004553669509292035,0.007039623035448452,0.2227722491410235,0.0075007914494082785,0.0,0.0,0.0,0.0,0.0022763022481974127,0.0,0.0,0.0007606507912339877,0.0,0.0,0.0006580456904348616,0.0,0.005538381380071639,0.0,0.019685161418223174,0.0013278429781151556,0.0,0.0,0.0,0.0003118276124275385,0.0,0.002922659676697912,0.0
56,0.03879002431496837,0.004762915305731595,0.0025312600637027827,0.0014088472503484795,0.014693236978140034,0.006221805081932596,0.00425398338550557,0.1147827515565674,0.0038436677168911366,0.00330645845821176,0.0028593131257781505,0.005509702218239356,0.004894178046640753,0.0014024970953287418,0.007564286008341511,0.0015504103393843495,0.03287993120367358,0.012482781535206268,0.07603617612120328,0.02225212704351357,0.005127170699946049,0.0,0.006957669138670004,0.00796495053698784,0.0,0.0001922615065746458,0.0010070196286764172,0.008799373926577043,0.002173179371764341,0.0,0.01119799451061241,0.005847218803337669,0.0,0.001127934171904596,0.007798491677663213,0.01442170641678878,0.02570404753275473,0.0021304772202831784,0.006042873430886378,0.013697800649054829,0.006365529673678059,0.2707781684835033,0.23379562432447873,0.0,0.0,0.0,0.0,0.003383802515713789,0.0,0.0,0.0,0.0,0.0,0.0,0.0,0.0,0.0,0.0,0.0,0.0,0.0,0.0,0.0,0.0,0.0,0.003460352930834733
57,0.028090185903003103,0.007491804730343365,0.02736004145522216,0.003921991342838287,0.010083328632299311,0.006260872838642783,0.009570115530168774,0.13349010325302965,0.0005053180750929577,0.18329901719692013,0.1187818914898421,0.0,0.00453498584457942,0.00292740509044,0.0,0.007213547761333759,0.012253822208207109,0.024417542982999228,0.05262684343214829,0.003999524560893085,0.0008048921428288026,0.0004716302034200944,0.000606381690111549,0.00899276984172436,0.0033149526272601383,0.012469578364323969,0.01166369591751774,0.006876160551502527,0.007292098866851812,0.0011790755085502346,0.0,0.005415167430947983,0.002519917507726479,0.026888815039319214,0.01226694906476404,0.001897104742711695,0.001439459068851555,0.014661455875128983,0.005105085537069873,0.0023653968835598022,0.009513694843094297,0.1442718431336285,0.06756388889004031,0.0,0.0,0.0,0.0,0.0,0.0,0.0,0.0,0.0,0.0,0.0,0.0,0.0,0.0,0.00359337297843881,0.0,0.0,0.008636459367516284,0.0,0.0001299389335953322,0.0032318726615121096,0.0,0.0
58,0.005590614752280503,0.008161664669385772,0.013853296372763675,0.0013471049528277503,0.015616603351472129,0.00788022234598976,0.0036410880246721027,0.24732130271978933,0.003021224513769482,0.00570204932655027,0.00498031059170287,0.0040697384284597935,0.08370821520556634,0.006175857972142669,0.006478882900759802,0.03591372969623082,0.14637718893490903,0.0021353565828338412,0.05441004485455096,0.026706256977513165,0.0,0.0,0.0,0.0,0.0005368896551125094,0.0,0.03139832503307626,0.0006833141065068294,0.007804662180333551,0.002109204101004864,0.002306185109460549,0.14277056174622121,0.0014727788670631308,0.006921480418252576,0.02576796030131174,0.006659600974526876,0.0008386127670765635,0.006302988839447557,0.005594478948364096,0.0027174389698581755,0.012522213266417124,0.018034463960172668,0.04246808758162345,0.0,0.0,0.0,0.0,0.0,0.0,0.0,0.0,0.0,0.0,0.0,0.0,0.0,0.0,0.0,0.0,0.0,0.0,0.0,0.0,0.0,0.0,0.0
59,0.0010763683157108152,0.0002799293738997187,0.009239119268378145,0.0,0.00230101362099765,0.000864938825124763,0.004640893248400519,0.5781032382668955,0.00012580928365451072,0.006710105163278696,0.0,0.05259974863009992,0.00846641540706387,0.0,0.0010763683157108156,0.0009418222762469634,0.13087003039422027,0.03868071566558213,0.026492353677034904,0.0,0.0006076272749980398,0.0,0.0008208182082875906,0.000864938825124763,0.00028542981229117163,0.0036462440217155745,0.010409397769058542,0.0,0.0023453212444556953,0.0,0.0,0.0007568214719841672,0.00024218287103493146,0.0005037957140878201,0.006765045115763249,0.007022682035234891,0.01338008382565934,0.0028955624926573728,0.0,0.0,0.007003754217524152,0.0586510582843634,0.017821358268581163,0.0,0.0,0.0,0.0,0.0,0.0,0.0,0.0021421145756744856,0.0,0.0,0.0008799443597999892,0.0,0.0,0.000166792610905601,0.0,0.0,0.0,0.0,0.0,0.0,0.0,0.0,0.00032015726849893446
60,0.015530516870138837,0.005295309487653876,0.0019107555880670442,0.002732296015207447,0.001317943694704966,0.0025761337503560316,0.015010792106580656,0.2527552162127445,0.02174351763292008,0.011149101224204457,0.008725087955849122,0.01862086852801362,0.0032373015249400876,0.0,0.007081956977508041,0.07698852890813564,0.05196283776441756,0.00895801565295492,0.004817958696272935,0.0001945514259276164,0.0,0.0016381185679731768,0.0008008338422686417,0.0045761933843922395,0.0010517374181229701,0.005013778696494259,0.0,0.0,0.002246054626710885,0.02627386800401818,0.0011865415703816995,0.0020592870229765078,0.010765829425814763,0.01254315521040978,0.0006177861068929519,0.008149785179665317,0.01481706043675002,0.0064442081769704165,0.002897711025188374,0.009157307219877876,0.005608351287849939,0.3148832525952605,0.04883750542445813,0.0,0.0,0.0,0.0,0.0,0.0041185740459530155,0.0,0.0,0.0,0.0,0.0,0.0,0.0,0.0,0.0,0.0,0.0,0.0,0.0,0.0,0.0,0.0005834646565100099,0.005120906058462799
61,0.0023498427181133973,0.0015034827650394992,0.0020544043456095324,9.217292205134715e-05,0.0011226521639486784,0.0009406598592735108,0.0010858486636396397,0.7617247784718517,0.003105018753885922,0.007844564322163173,0.011535155174776043,0.0030012379766883738,0.01249894577053896,0.0,0.011029777861223724,0.0,0.024249888585096885,0.003514002424907908,0.01136081550799276,0.0024055724240631985,0.0010592894442879362,0.0,0.002282638078317803,0.0002784227342665738,0.0,0.0,0.0012392342790628604,0.0005900601716153005,0.0009067076539112,0.0,0.0,0.0,0.0030069655300789984,0.04201647297005829,0.011862825769490035,0.0,0.00010664686279981027,0.0,0.005473451881783229,0.0006013931060157994,0.0011455106781253287,0.02067536628758714,0.04625226975920808,0.0,0.0,0.0,0.0,0.0,0.0,0.0,0.0,0.0,0.0,0.0,0.0,0.0,0.0,0.0,0.0,0.0,0.0,0.0,0.0,0.0010839240825271984,0.0,0.0
62,0.0009014809257986469,0.009445780402337572,0.005646652775019117,0.0,0.000935160629428941,0.00219683722546401,0.012227453154750479,0.15952129075454727,0.01925034381741556,0.0,0.002757926188995653,0.09614118912585073,0.011564283694774897,0.004867516246825597,0.00775936228751262,0.07505920633750514,0.23254771005371822,0.0057952345229913,0.01935310936014694,0.006298365413616671,0.008780242099920071,0.001362237843429066,0.0033681704919949424,0.0014818454370620167,0.003783578186007652,0.002073406129336887,0.0,0.009074203181778963,0.17403313654936256,0.0,0.002469056091215182,0.0,0.0,0.0015208707351530635,0.010809337455612557,0.008219495839670264,0.0077837720641452885,0.0,0.00496881741896118,0.009092688606173007,0.0028742860757998505,0.053780355756157305,0.020022285447012535,0.0,0.0,0.0,0.0,0.0,0.00021284966303579148,0.0,0.0,0.0,0.0,0.0,0.0,0.0,0.0,0.0,0.0,0.0,0.0005609214649413806,0.0014595405465311414,0.0,0.0,0.0,0.0
63,0.028181029937684482,0.0007201118758903669,0.00255465884653516,0.003652427620789014,0.009377537513124111,0.016426752783269143,0.009498652193474066,0.1299299271250796,0.0,0.007501228864523223,0.20235714762450072,0.015071500943482112,0.0036459395043292875,0.009818247433144923,0.0018773897992034629,0.0033895992761848203,0.05153790414677298,0.002326431164647164,0.08533143954097153,0.01650211630495298,0.0021656976311792407,0.003745201079023232,0.0,0.0059482605372721915,0.00806786299280455,0.0,0.0008224755310796123,0.005895779409723432,0.02837917594228564,0.0005568844741684872,0.0,0.0,0.0069689860432226225,0.04258116225635711,0.0028752373773991463,0.013878173133162216,0.005636945012687722,0.00448878380691674,0.0,0.012102323349915957,0.0006312860435918056,0.05151409938480645,0.1872342443469012,0.0,0.0,0.0,0.0,0.002020115339493783,0.0024785384697347695,0.0,0.0,0.0,0.0,0.0,0.0,0.0008567453448745958,0.0036518978273178924,0.0,0.0,0.0,0.0,0.0,0.0,0.007603428686774015,0.00019665348074855585,0.0
64,0.010195902122924096,0.0008476328098998916,0.0022072758885422305,0.0,0.0023729419905464603,0.001549957138102659,0.0016079594403800878,0.24233505837645308,0.0025680727603627895,0.01696637229213072,0.0005085796859399348,0.1905393605204084,0.014161666517683785,0.0,0.002136034680947726,0.008131436320709317,0.3877078063994523,0.008853583351124348,0.006699186294557896,0.0,0.003940117383746662,0.0002206305778337545,0.0,0.0,0.0,0.0017164564400472802,0.0,0.0032099964593091984,0.0006054520070713509,0.0022192568113742614,0.004068637487519479,0.0031660972891240486,0.001806064693595727,0.0,0.004372706420055466,0.0005085796859399348,0.002810699412195868,0.0008718508901827461,0.0,0.0013643920549764983,0.004947330545514339,0.002870150382615734,0.061319341675388536,0.0,0.0,0.0,0.0,0.0,0.0,0.0,0.0,0.0,0.0,0.0,0.0,0.0005934131933433333,0.0,0.0,0.0,0.0,0.0,0.0,0.0,0.0,0.0,0.0
65,0.02119474021755948,0.004525350646933454,0.013512710226685475,0.009432698070200371,0.0019161399589374948,0.012373010402716227,0.003534712465542095,0.06890291480555305,0.004090445995005753,0.006919932205867757,0.21832827621413414,0.09722796283648663,0.003504674921188129,0.014375921859313032,0.004403900608700272,0.005535589106286891,0.1285087293629848,0.0022715485600293427,0.11707809443855592,0.003075717313646873,0.000936349391367437,0.0019081007904246463,0.0,0.003504674921188129,0.013985509708897328,0.0018551889982451174,0.0028394357000366783,0.006319301492064851,0.01807856495776514,0.0009669429681206004,0.0033391763832431335,0.03268805790491459,0.0006209882751768537,0.020074620678595924,0.018787286999291726,0.018482589453210786,0.005850696363869028,0.0019981406270002102,0.005001463168778891,0.012104144496719258,0.002632400274136859,0.03464479045735806,0.028123606903001155,0.0,0.0,0.0,0.0,0.003796731164620473,0.0013629291360176057,0.0,0.0,0.00025543438459918396,0.0,0.0,0.0,0.0,0.003014584049533678,0.0,0.0,0.0,0.0,0.0,0.0,0.0,0.011828931960339007,0.004286288175156519
66,0.0015825266918818464,0.006357518789013725,0.006734180935806869,0.0005126494917363715,0.00027561800630987573,0.016602414845160132,0.006761213735525854,0.07271527181090269,0.06913731305278571,0.005985893857131455,0.009575263424238863,0.020064541588335306,0.003801214966235476,0.0021364094258797127,0.0,0.0006322677064748565,0.06779044021050978,0.06748763071077797,0.1023031082062264,0.007064490951325749,0.020236932712914543,0.013031452714974861,0.00138776383537649,0.006987295641510282,0.004048233740688053,0.0036617820838312242,0.006134850646553818,0.0075206077494432335,0.003968473837073829,0.0005688365937200249,0.0,0.0031284763854681126,0.0007323564167662453,0.023318821269764655,0.003937585745741723,0.020004828663089728,0.0,0.005797716635397035,0.00626326329147746,0.002088852556892207,0.004383560019021959,0.05229942990518242,0.3390901756503478,0.0,0.0009511468854777568,0.0,0.0,0.0,0.0,0.0,0.0,0.0,0.0,0.0,0.0,0.0,0.00024836435003376786,0.0,0.0,0.0,0.0,0.0005257943504988418,0.0,0.0,0.002163429912495119,0.0
67,0.005639212089059149,0.0037828665818220595,0.016556942693021492,0.0084941289914173,0.002642053632781343,0.00754321476055513,0.0008147712637770594,0.3560809239372808,0.21959037241902282,0.015222604618934812,0.0003147979882775014,0.02488252277913886,0.005951427134009637,0.0,0.0009311559623831493,0.008622303042266575,0.006085616805362246,0.007907822249005571,0.022937414002100046,0.002527652992503467,0.0,0.0,0.0008888413786658829,0.03429405971976697,0.0,0.0017518423104850582,0.005260710916301006,0.002353809900452318,0.0029098973706323536,0.0,0.009251596285468542,0.04754106734526071,0.003807488790342794,0.007565733163644119,0.015025856931908742,0.008406018744946281,0.01395366771731893,0.0,0.009440232682845098,0.0030502906431362207,0.00397779411057955,0.08655679075397583,0.015005701602693494,0.0,0.0,0.0,0.0,0.0019641807251768385,8.729692111897007e-05,0.0,0.0,0.0038761020241886803,0.0,0.0,0.0,0.0,0.0,0.0,0.0,0.0,0.0,0.0,0.0,0.005848042415208343,0.0005472649090031384,0.00010790869416095551
68,0.019528822269918027,0.00228420870236504,0.0014758270279323215,0.007149041486962192,0.00980597635875174,0.007613175253179036,0.01404177349626706,0.19071907709309205,0.004584915426767798,0.12487575706899755,0.005833788470630758,0.009546179765206612,0.007418567299779843,0.0002481609454421274,0.0,0.002902261057017309,0.05794499821365918,0.018570129966965405,0.03135066185111966,0.005334536217204887,0.0042342461316063045,0.01660921409209356,0.0,0.003098007880636,0.003389679517754911,0.0028804395453104125,0.002856435882432826,0.0055943609268903184,0.01071706421690575,0.0,0.008935398066563497,0.002809762093504185,0.13803539621561497,0.020489333198941705,0.012876631596998773,0.011069196756913563,0.00017673808074312157,0.00014589450721300945,0.007281111072867987,0.0008530532499573136,0.01044288917727302,0.1150085464359969,0.09432068647707384,0.0,0.0,0.0,0.0,0.0,0.0008641318635931244,0.0,0.0,0.0,0.0,0.0,0.0,0.0,0.0,0.0008991338602975611,0.0,0.0,0.0,0.0,0.0,0.005184791181558742,0.0,0.0
69,0.016893900120680434,0.003972984846631447,0.0019553200382683216,0.00701662535726352,0.009893883223959465,0.001389954565510666,0.0010610479881652407,0.11012532018167567,0.005928867885771282,0.0059946150851355375,0.030433298399751642,0.01294058179674999,0.011442252505261147,0.0019672570633456105,0.0008694573628179259,0.0006935842210513362,0.15958033022564894,0.0,0.017248811008665176,0.003908693877734807,0.009123980536134791,0.006762446155250534,0.0008571697100295648,0.012942920247467352,0.009162121620004487,0.0025244562061681815,0.018979119587167508,0.013442449755220149,0.0,0.007666280454208827,0.12929700785080853,0.005368200928689206,0.0,0.0008488402254217417,0.01259262206393692,0.006193954802638814,0.011968224606373782,0.0009880685215727188,0.004383605919118732,0.020236214872055694,0.002704978462100214,0.012861433355794162,0.30403527136385755,0.0,0.0005880387961087428,0.0,0.0,0.0031558082057835824,0.0,0.0,0.0,0.0,0.0,0.0,0.0,0.0,0.0,0.0,0.0,0.0,0.0,0.0,0.0,0.0,0.0,0.0
70,0.054753590076336664,0.004442200628318025,0.013495714685736921,0.0,0.01433003003460345,0.0,0.018033813047016935,0.09321484582208903,0.003330039577480063,0.05491412252335134,0.012501133057338767,0.23480155711278022,0.015838642801071938,0.006578909440259049,0.0021019419395964653,0.006309133024327426,0.010031663500786674,0.01890412699196556,0.056290050690656984,0.001884717226952573,0.008945458967588273,0.0068864095831787315,0.0022477767147990424,0.0,0.0,0.0,0.0003805759517120076,0.043945050771072025,0.00014459382375900373,0.01706336153932948,0.0012714696568560243,0.0,0.0,0.0015698758008120294,0.006680571706206157,0.008373150681715935,0.0,0.014465219876112772,0.010976742602002796,0.002973249622750057,0.004518033101803044,0.015638846149552552,0.21826268536344123,0.0,0.0,0.0,0.0023379488120265717,0.0,0.008271184017207623,0.0,0.0,0.0,0.0,0.0,0.0,0.0,0.0,0.0,0.0,0.0,0.0,0.002686101336046563,0.0,0.0,0.0,0.0006054617413600119
71,0.015919475841262114,0.0,0.004796787080464083,0.005649644658064947,0.00437679981415308,0.009141426966989349,0.0028858020752657687,0.04664372151764096,0.016377895104331068,0.06386470152527765,0.011522505320247201,0.019380026569541783,0.09770172087551349,0.0026023750857307386,0.010091122016486556,0.0018479527060361802,0.17521646726905413,0.004940217191856663,0.019256792333001965,0.0031294756688660156,0.00876234796470769,0.003357204402901511,0.0,0.0005926200690277928,0.004175824312482786,0.007205031004955277,0.003907856976922394,0.19820153453006642,0.011415700007553896,0.0009272350671133282,0.017028234886055132,0.0,0.005722574527191071,0.012008252844647753,0.01470580780544797,0.011300387890852824,0.0019136718384522486,0.0021632025281133694,0.010496647293303574,0.0074990266597985975,0.01450259262992687,0.11665268913632514,0.025837201105576253,0.0,0.0,0.0,0.0,0.0,0.0,0.0,0.0,0.0,0.0,0.0,0.0,0.0,0.0,0.0,0.0,0.0,0.0,0.0,0.003925982473104778,0.0,0.002353464425689761,0.0
72,0.012818184645437854,0.0,0.012564720702444314,0.0,0.007092039452852825,0.01203790147870611,0.0019250570256623876,0.0469522307803694,0.025166914368085633,0.07930586563758,0.006195386836392235,0.012011097313593675,0.08060574017363487,0.003418957104495149,0.002115758511748604,0.001626640295061105,0.1108114460096383,0.0036931759393001224,0.03398755350535426,0.00848343938297822,0.0345238204498212,0.0007311168951590337,0.01140725399528821,0.016128268943897697,0.0024973712765349893,0.0005202856826114562,0.003158314278969327,0.2346282584024537,0.025595405381478597,0.003927070311996049,0.0031320220877397442,0.002774856973927766,0.004012794635478194,0.005932724096927538,0.01609816362763086,0.012549255683982404,0.0028126001612120565,0.018906862536038797,0.005912918474273865,0.007089483483714736,0.005144999224430086,0.04126050661491864,0.07781789247539188,0.0,0.0,0.0,0.0,0.00010771960302514141,0.002517925539762968,0.0,0.0,0.0,0.0,0.0,0.0,0.0,0.0,0.0,0.0,0.0,0.0,0.0,0.0,0.0,0.0,0.0
73,0.0007462659511975519,0.002361926367864599,0.005013068209345271,0.0032419420232297114,0.0,0.0010805138333605513,0.0,0.30030806135665533,0.0,0.008242969652005385,0.0,0.017847319817959898,0.0015925342555429783,0.0039840892174824285,0.0004723852735729203,0.07287757629516807,0.029513821836269275,0.0017433266048524423,0.020359705607984606,0.008003467462608055,0.04018944530825807,0.0021043824605366116,0.004990536881488882,0.0,0.0,0.0010797377681666738,0.016022961971732926,0.0008101614363375098,0.001948396075213929,0.0007230386840401837,0.0,0.0,0.0020245083153125135,0.0020245083153125135,0.013683040086567018,0.003678624770364366,0.007152376291264101,0.008347810261191208,0.001963159578484862,0.0,0.01011961419031352,0.3113295966911618,0.08623015989403139,0.0,0.0,0.0,0.0,0.00480542633085168,0.0,0.0,0.0008801960429308215,0.0004149635105205338,0.0,0.0,0.0,0.0,0.0,0.0005784309472321473,0.0,0.0,0.00010409236653894944,0.0,0.0006860328782710411,0.0,0.0007198251787777822,0.0
74,0.016241665543333922,0.00273793898430335,0.0055098397212825475,0.002443234983665619,0.002214584133965229,0.0,0.009275250419627793,0.044857549438591604,0.0031505176238076278,0.011356245329179279,0.0020012292515085815,0.01337229949880987,0.004303836013338465,0.00450184862312585,0.001430532106336741,0.01479866529397394,0.39435203677357844,0.0,0.014187329927214882,0.002233155768062943,0.004515300186118784,0.013441060621511661,0.014427291490034726,0.0,0.0006201159818753293,0.015390518915687263,0.003100579909376648,0.04069809319720417,0.0,6.842278839703889e-05,0.0030764950345080373,0.04219304263533937,0.002935841817881355,0.0023541440052674547,0.010874252017618059,0.000926053053209891,0.006787850236790767,0.01376097414387698,0.0008496538624261198,0.008587271970830574,0.0059118158197753725,0.2152462563765109,0.02542340397114527,0.0,0.0,0.0,0.0,0.0,0.00088726879095666,0.0,0.0,0.0,0.0,0.0,0.0,0.0021089347444605546,0.0,0.0,0.0008432659513013254,0.0,0.0036079475309110094,0.0,0.007410072793520353,0.0,0.003546414929025577,0.0014398977907321877
75,0.017781759632712904,0.005614855992965552,0.008382199078960031,0.003213608812726734,0.0006070428731990813,0.005922605786349193,0.003035214365995408,0.2403683545363602,0.11310958095810054,0.058740994673677445,0.0011562721394268226,0.02033227835708392,0.0048104150042969415,0.0,0.0034808609197328304,0.0004046952487993881,0.08251620938805558,0.005703703935042742,0.04372021706598079,0.11590377978515135,0.02015695564665356,0.00514570979877996,0.028015322259490563,0.0,0.004215575508326954,0.002142093816920897,0.028009413539639427,0.016121355108907505,0.0035426559999115455,0.0,0.0,0.0,0.0034688164182804663,0.02173304277840263,0.00011673901407674469,0.016405030545837803,0.012823471209140931,0.005152337371523799,0.0014966219554672427,0.008491642265327453,0.0037065348544687905,0.0534397608000996,0.024669815539654718,0.0,0.0,0.0,0.0,0.0,0.0,0.0,0.0018190122982894117,0.0,0.0,0.0,0.0,0.0,0.0,0.002890680348567055,0.0,0.0,0.0,0.001632764367615417,0.0,0.0,0.0,0.0
76,0.0028463549539834983,0.0036192109823908196,0.0016179598688514326,0.0006774473194492175,0.0,0.0,0.003011561265551521,0.16027322943489616,0.014130871747626353,0.00830266760991541,0.0,0.053757625789624904,0.008038319932374409,0.005574423657182131,0.0014516728273911786,0.0002132519558191617,0.05265459655393696,0.02021546232706698,0.1485000962047824,0.0010214530684739937,0.02824844001670633,0.028982487363166512,0.003981884799873731,0.005501075977482366,0.008627371032007489,0.0,0.01933561464103013,0.004080806095104673,0.006055712985215823,0.0,0.0,0.0,0.0029253406976216204,0.00592080999537893,0.014635519074006278,0.007109735025735126,0.009279385979922278,0.0052542661571478326,0.008776036515843797,0.012935201813897417,0.0021303763547104075,0.3207863798260498,0.017509255192316466,0.0,0.0,0.0,0.0,0.0010613341338037735,0.0,0.0,0.0,0.0,0.0,0.0,0.0,0.0,0.00027916785142140775,0.0,0.0,0.0,7.272929416159772e-05,0.0,0.0,0.0,0.0,0.0006048636780796583
77,0.0,9.343967319513267e-05,0.0017718930620706625,0.0,0.002768582909485412,0.004421031394603991,0.00549053705417949,0.23867160163168427,0.015257435667772904,0.012017771816577212,0.004186097359141942,0.10113173822193225,0.07579654864289838,0.0,0.0,0.0,0.06785141960918156,0.005711334852912997,0.0354427158617679,0.008608727997289926,0.010828931679337243,0.0,0.0015638704269176004,0.0,0.003440656228379405,0.0,0.0051914655937587055,0.017732757410167752,0.0002973393907731434,0.0,0.0013289197965529976,0.012375120777455683,0.0052129899292056225,0.012620572629571846,0.0017910601745209473,0.003887711293971663,0.0071592540000146015,0.007903444558089511,0.005027092171301446,0.001612825389452957,0.0037652727569001602,0.2952230738483912,0.01628331593401843,0.0,0.0,0.0,0.0,0.0,0.0,0.0,0.0,0.0,0.0,0.0,0.0,0.0,0.0,0.0,0.0,0.0,0.0,0.00664459898276499,0.0,0.0008888512737600338,0.0,0.0
78,0.024312310639708238,0.003595303081568636,0.007261434220141436,0.01579612202330054,0.009767960463652603,0.012660524743890704,0.011051723277999572,0.06072163990298294,0.00590133284164432,0.03495355425112696,0.029868745096962027,0.07103534081463356,0.0030017160128779073,0.028483908204333507,0.0016777645882371049,0.00296937042348019,0.05615102858728353,0.006695022939117087,0.2523665098896503,0.0037429919138024775,0.009108559926540931,0.004757283884361016,0.007420646583756229,0.0006942744519581554,0.006461621466323322,0.0,0.003287238600793173,0.003239947442471391,0.0006248470067623395,0.009757778763280479,0.0001097667117720399,0.0,0.016505412255864764,0.06408871867646455,0.008924236866158324,0.014155768631655255,0.004544284593442992,0.01775039392001881,0.00421253277863442,0.00303745072731693,0.005400463415588795,0.010249112737129043,0.14755180819964306,0.0,0.0,0.0,0.0,0.0,0.002019707496605543,0.0,0.0,0.004998776054098718,0.0,0.0,0.0,0.0,0.0,0.0,0.0,0.0,0.005076881929944011,0.0015869130330472122,0.0,0.0,0.0,0.002421269929974862
79,0.006967370290185954,0.0049836422531726494,0.0022906904233630297,0.0033389884564299795,0.011355936046644076,0.0,0.0009610609174402486,0.13270005595862908,0.02224030764269688,0.015423145292323902,0.000737432893606682,0.21958255236265922,0.004791916073213676,0.004743837680715713,0.007555331868858591,0.002626974329174427,0.04590661365420974,0.00244631385199713,0.23365666522372214,0.0,0.0008849194723280185,0.0,0.005051146064166753,0.010040061885235254,0.003969847077249302,0.0050587896501418355,0.006377334853172057,0.03027291554629105,0.005241850922217184,0.0,0.0,0.004257782057502276,0.004987938254481587,0.0,0.007361547636085895,0.0037593820341659243,0.0011447444872554897,0.002499593435593552,0.011625387393725936,0.0071003220079521746,0.00533513391532967,0.14034493773581294,0.020226684412563648,0.0,0.0,0.0,0.0,0.002150845939686154,0.0,0.0,0.0,0.0,0.0,0.0,0.0,0.0,0.0,0.0,0.0,0.0,0.0,0.0,0.0,0.0,0.0,0.0
80,0.009403374831341148,0.0037920593239017257,0.008311639483714738,0.0,0.0029281501107688256,0.008303264897523178,0.005252191996670771,0.37874677073392815,0.018919531574451663,0.0,0.0024422198425195453,0.0,0.003004234541710655,0.009203322643807842,0.001193651437169781,0.0005358923897631953,0.12657613132387743,0.04572310270229125,0.0,0.001991137945964577,0.0,0.002172150486506814,0.0,6.718604150782683e-06,0.0,0.0,0.13195696823250544,0.000565664189194483,0.016212391850357024,0.00041758387028055337,0.0,0.0,0.003949467368955881,0.00514018623409606,0.011761177320459967,0.013440551684322198,0.0010396019197180003,0.006083216922491938,0.0,0.006990272801811006,0.0032140010749686513,0.09470904589229738,0.07390607303055803,0.0,0.0,0.0,0.0,0.0,0.0001818206322410835,0.0,0.0,0.001926432105680248,0.0,0.0,0.0,0.0,0.0,0.0,0.0,0.0,0.0,0.0,0.0,0.0,0.0,0.0
81,0.00012053125200816877,0.004646243429126537,0.05067606595912437,0.0,0.005507265891586208,0.001510722813717323,0.0,0.492854031568192,0.00765632588201273,0.01698774336581673,0.0,0.01473105412753439,0.0,0.004063015029282868,0.0,0.0012209106821062425,0.06203229190822239,0.003872153550882011,0.004856995868299638,0.00968509371841009,0.0,0.0011137558709603888,0.0,0.0,0.002906930195491055,0.0,0.0,6.78283712281246e-05,0.0008497180571435376,0.010346275569140126,0.0,0.00251266724518577,0.002441821364212486,0.1978237912652383,0.000731681623578353,0.0002422441829575866,0.01866791751209412,0.004690799215020068,0.0025839589250699377,0.01239253838736972,0.008141459952563684,0.024973630881998957,0.026616358747011532,0.0,0.0,0.0,0.0,0.0,0.0,0.0,0.0,0.0,0.0,0.0,0.0,0.00012070417053284692,0.0,0.0008905496964750851,0.0,0.0,0.0,0.0005928446617593488,0.0,0.0,0.0,0.0008720790586473171
82,0.02056241695910023,0.003151260713888394,0.011131961539305974,0.0010686749254713581,0.002463386268883134,0.0036226268660046086,0.00897523280591543,0.06232703113277895,0.004349472687520865,0.0052901045149443505,0.0,0.03165189209230643,0.005700249530376388,0.0,0.0,0.00863124492249029,0.031451312650868,0.007631031666529521,0.024667989717938484,0.0007298922278172247,0.0003628243341765878,0.007102162182417951,0.00365022783260274,0.0045371553217694455,0.0017106849089466214,0.003580880715358813,0.018561889628966603,0.03325796418424855,0.008509244491780872,0.007628893197798263,0.006316375048418293,0.0,0.02752610231291696,0.010341449662168229,0.002124022100545125,0.0015316763672605738,0.022628442129163737,0.011189805558170604,0.0,0.002280342983625846,0.0031313679952337213,0.04541303408131407,0.5309890109842637,0.0,0.0,0.0,0.0,0.0006158465672207832,0.0,0.0,0.0,0.0,0.0,0.0,0.0,0.0,0.0004190113964535686,0.0,0.0,0.0,0.0,0.009832862371503326,0.003352942421535378,0.0,0.0,0.0
83,0.008493971660383483,0.0006790909061012949,0.016207777868420252,0.0035331977983618194,0.0049573636145394525,0.00370468358744616,0.003653697602086341,0.12031589855947251,0.0040254813974149,0.010265640329542103,0.0019755371813855852,0.0051868140267524645,0.014416283064702709,0.003414553011878246,0.0023079593032533513,0.0032073674021879895,0.052547131251107375,0.010792893520236857,0.035189543958899734,0.0025658219102247383,0.009129241306122129,0.0019014545370836249,0.001796146237151975,0.0007275973993942449,0.003055909077455827,0.003772727256118304,0.013057345775752092,0.004865735080797555,0.003760682964960053,0.005813441368273741,0.0,0.004358358790595574,0.010732776422349525,0.0,0.010189164756193364,0.002803968492224451,0.004430832205684882,0.005481880495347215,0.005564797201003436,0.005849769966954931,0.010209980305000735,0.26749878988039605,0.3123102899524459,0.0,0.0,0.0,0.0,0.0,0.0,0.0,0.0,0.0,0.0,0.0,0.0,0.0009701298658589937,0.0,0.0,0.0,0.0,0.0,0.0,0.0012223636309823302,0.0,0.003055909077455827,0.0
84,0.0009559571492542304,0.002378592767794372,0.004261027034294394,0.0015124015708143687,0.0,0.0008066141711009973,0.0028785361446078744,0.5604807698539344,0.0006081996436462623,0.0029234986230210003,0.009534717081844559,0.0,0.004213118661554312,0.0021509711229359915,0.0029595622895543933,0.00025501853184691647,0.030644679499307614,0.012557964146843341,0.010274683856927508,0.001092162699298654,0.002338012090147816,7.33043281734252e-05,0.0008939457991741678,0.0005377427807339971,0.0,0.0,0.0066597503909282185,0.0067486536562041686,0.00045330656824189934,0.0,0.0012803081167071678,0.002119105663913877,0.0,0.012097600949789478,0.0016804461897937432,0.0008234186329989347,0.005004622938343719,0.006042952337292223,0.004074423770958891,0.009592313369084364,0.003422118737042125,0.24336436153437202,0.02672475240416453,0.0,0.0,0.0,0.0,0.0,0.0,0.0,0.004537204712443106,0.0,0.0,0.0,0.0,0.0017463885654133125,0.0,0.009170598816921473,0.0,0.0,0.0,0.0,0.0,0.0,0.0,0.00012619279857616316
85,0.01699523768520416,0.0,0.010197538576348746,0.0009456495270600261,0.006653076057006738,0.006746451331957715,0.0,0.2807202512028144,0.012486199471911943,0.0008760845043797502,0.10858640312483174,0.0003775944635426835,0.0014932009956086097,0.0,0.0,0.0023079219289221585,0.3703253738705048,0.024182185624342347,0.017326109469831173,0.005366513112235683,0.006649479691363967,0.00119842370244043,0.0008654637656919314,0.0,0.0,0.0,0.0011793445251265854,0.0024260801659746908,0.0017039177626168394,0.006310979184538052,0.0,0.0,0.0021577111109062925,0.006220718374294079,0.002114496273375693,0.0006678632365735198,0.009625085326966189,0.0,0.0017487210477589027,0.003149238676986377,0.0035822695094714836,0.050739734433077624,0.031106483647351697,0.0,0.0,0.0,0.0,0.0,0.0,0.0,0.0,0.0,0.0,0.0029681986189830224,0.0,0.0,0.0,0.0,0.0,0.0,0.0,0.0,0.0,0.0,0.0,0.0
86,0.004302186164996592,0.0028183209871008967,0.005765766455435521,0.005243201152640698,0.0004143925489847849,0.008118686025341784,0.009135324685099585,0.12666304076855656,0.003728724707192928,0.1635484949555099,0.012096892582561851,0.006947944100144568,0.014126103823069329,0.006626316265274027,0.01369838946678829,0.006911247212291691,0.05201420212534837,4.4449751483765814e-05,0.012121532246816624,0.004252761558949991,0.009625326541713955,0.0007671478689617668,0.0,0.0008808529790333269,0.00411005143952214,4.281303582835432e-05,0.008085500130588123,0.016113891274926215,0.1499735158171944,0.005235538324766462,0.0,0.0,0.03537252834678626,0.006682269013908742,0.018631669026041086,0.007247374118860033,0.0029367058748489437,0.013532839674550113,0.0010602147455624812,0.010988670951988976,0.00929842010535214,0.08006462835724537,0.14358878738985487,0.0,0.0,0.0,0.0,0.0,0.0044753893452574404,0.0,0.0,0.0,0.0,0.0,0.0,0.0,0.0,0.007286222684533809,0.0024871375704521824,0.0,0.0,0.0,0.0,0.0008990737523954678,0.0020354540462395355,0.0
87,0.008611775145787147,0.004286500419408271,0.0003467628211905191,0.0031222332913899606,0.008502510302445875,0.0061456477354781755,0.008319792068790036,0.2576579817338935,0.002950862835484137,0.14696563619268857,0.00303135942389694,0.002294883923781251,0.01324795033505324,0.0024754849667448973,6.93829620308873e-05,0.004772606991751557,0.045598707869151045,0.020232986606166386,0.026420336903566443,0.0,0.03683928393255862,0.001338099982024268,0.0,0.0011720304225059592,0.0,0.0,0.00245460052197218,0.23000166271087022,0.010244575027681866,0.001189623122157012,0.0006479247312884527,0.0009664055425730829,0.011943055945585068,0.0009687103346394024,0.004319089386422779,0.0018975188858447378,0.002590585814088972,0.014200204669056147,0.0019156288832554123,0.006634820985993032,0.000743388878902372,0.03422237381036609,0.06972991395982683,0.0,0.0,0.0,0.0,0.0,0.0,0.0,0.0,0.0,0.0,0.0,0.0,0.0,0.0,0.0,0.0,0.0,0.0,0.0,0.0009270999236885923,0.0,0.0,0.0
88,0.0210697328407709,0.004778331842885647,0.007896826241208464,0.0,0.021459511484607785,0.001622616551999486,0.011654010099341952,0.27212174365971364,0.00849528037453911,0.003660496007724831,0.0018545774154071271,0.19818577213429592,0.002521908263173281,0.0007105514838289193,0.0037278728810270804,0.00014057445109760716,0.1789598438759206,0.005291075843842296,0.034557709990831756,0.001672841718552833,0.0,0.0062871511480967306,0.00941089300209149,0.0,0.0006134371450962034,0.0027925883827527686,0.004600491874076501,0.0021811098492309456,0.0063692550637085696,0.08307135364560513,0.006191608107662608,0.0,0.0,0.0,0.0006435432500432826,0.0009996753475641823,0.0008179161934616054,0.0009427593442594105,0.0013827728274234485,0.0036434448617835152,0.003346020791433838,0.0625109844163809,0.006048670673338302,0.0,0.0,0.0,0.0,0.0018175915410257875,0.0,0.0,0.007176590381729572,0.0,0.0,0.0,0.0,0.0,0.0,0.0,0.0,0.0,0.0,0.003177157650652326,0.004852470791489104,0.0,0.000741236550324579,0.0
89,0.03659986969054923,0.0,0.013616789782331443,0.0002842904771886567,0.005663066305598029,0.00027511981663418193,0.003795178320026517,0.17244714149864646,0.010038770197479624,0.01015333327154157,0.0003628580272480664,0.16335164834019525,0.165147327534224,0.002302752865228114,0.0,0.00553068760110042,0.049349795975699176,0.027133756536948665,0.04655170357340806,0.0006822971452527747,0.016396204101896943,0.0020468914357583273,0.0,0.0,0.005446140311047554,0.001384996300551555,0.01942159653473671,4.6623638258941884e-05,0.0011940200041923555,0.00441585958681184,0.026857471907528525,0.0,0.0,0.02597444930849789,0.01093416428573356,0.007136880775575096,0.007914939319982033,0.018373876416173773,0.011260622542634376,0.007263996580711507,0.010284485805992673,0.00706283084610762,0.0994203912960707,0.0,0.0,0.0,0.0,0.002807678694291393,0.0,0.0,0.0,0.0,0.0,0.0,0.0,0.0,0.0,0.001069493348146585,0.0,0.0,0.0,0.0,0.0,0.0,0.0,0.0
90,0.02516066150297732,0.00303411332711219,0.007034119196546773,0.0,0.0003371237030124657,0.0,0.008475268002583839,0.2791421742520741,0.002696989624099724,0.0,0.021417864444921518,0.19807289568305161,0.0016804373243655937,0.00633428270482524,0.003942826466435266,0.003005371690793046,0.02972081229752552,0.004671571313172738,0.055069012693367815,0.008065593054855822,0.13988159292053806,0.0,0.0,5.779263480213697e-05,0.0,0.0035133356221398876,0.0017911528916575348,0.007200080852368947,0.001906329316285086,0.0047678923711763,0.06194215282103612,0.00043293780807916217,0.000809096887229918,0.000977658738736151,0.019605815847448454,0.0,0.005669853819113,0.0006195786974283171,0.004370349095416144,0.009803579539185625,0.0038143138969410394,0.05353541278241716,0.01906890886112608,0.0,0.00041374272642439073,0.0,0.0,0.0,0.0010021207635279058,0.0,0.0,0.0,0.0,0.0,0.0,0.0,0.0,0.0009551838252019865,0.0,0.0,0.0,0.0,0.0,0.0,0.0,0.0
91,0.017286487054346683,0.0,0.015016065139244285,0.003781493018085953,0.001054186107184042,0.004646373989791099,0.007790237431581634,0.10975071191954258,0.0038634602647068202,0.06547396396143344,0.004437394700944917,0.06324301999792876,0.0,0.004678718760089546,0.0,0.0,0.4112643942203616,0.016612936836179676,0.002886909971260518,0.04384087320011646,0.007392203629222363,0.009413990044766809,0.0,0.0,0.00740761852558974,0.0038146128299172987,0.0008600585956046963,0.019365090504339957,0.013624942511590753,0.004684375622328137,0.030788646110377235,0.0,0.003493161065225228,0.00961791240913366,0.010737152572496522,0.010966284798994457,0.009031114234515485,0.0008521129856078507,0.012733627427640174,0.0059250730556699915,0.006184212238123039,0.012828965775542931,0.04118496999118143,0.0,0.0,0.0,0.0,0.0005504375011870062,0.0005975143927358938,0.0,0.0,0.0,0.0,0.0,0.0,0.0,0.00040638918453278565,0.0,0.0,0.0,0.0,0.0,0.0,0.0,0.0,0.001912307420878133
92,0.0009792215929727039,0.0,0.0,0.013076354262475897,0.0010817565053997244,0.0031497766214845196,0.0032379341528960643,0.274222085872249,0.0017995887543532456,0.08086481649271382,4.394776481050448e-05,0.06264594363074986,0.02562108673889468,0.0072941473420993115,0.010057214562480689,0.0026442936798659927,0.34633079323057925,0.005982285182242285,0.00706480483156116,0.0,0.0018510055759061942,0.00011133868125751803,0.004897094529206369,0.0,0.001492137147924382,0.0013221468399329966,0.0,1.6526835499162616e-05,0.0,0.0,0.0,0.0,0.0,0.019544215371728724,0.00305187523312564,0.03892194827475849,0.008111339868653816,0.00366891631808555,0.013158133054033568,0.007721906601083033,0.002139349351020615,0.022398380095076213,0.020534431452816665,0.0,0.0,0.0,0.0,0.0009904065570714947,0.0,0.0,0.003972796994990974,0.0,0.0,0.0,0.0,0.0,0.0,0.0,0.0,0.0,0.0,0.0,0.0,0.0,0.0,0.0
93,0.0007233401937587269,0.0030380288137866513,0.0067846910328009605,0.0017774819345146172,0.011113406238078152,0.011789736001214534,0.0005603742212518206,0.7458258259931602,0.0020567145533102963,0.0,0.0017652837971436272,0.027936700547712405,0.0,0.0,0.0,0.005663795390222851,0.03130885707006546,0.005957912062592711,0.004243830948119593,0.001969791629090794,0.0,0.0,0.0,0.0,0.0025733891128545752,0.0005063381356311085,0.0,0.005690061867881608,0.0,0.0,0.0004320752090718803,0.0,0.005431187313854354,0.001117925922687414,0.010569561697600094,0.004008216220141516,0.010462071507787815,0.0016202820340195472,0.0058520177202237705,0.010294262604238227,0.01888734312638586,0.04773670120034709,0.010749438559141693,0.0,0.0,0.0,0.0,0.0,0.0,0.0,0.0,0.0,0.0,0.0,0.0,0.0,0.0,0.0,0.0015533573413100425,0.0,0.0,0.0,0.0,0.0,0.0,0.0
94,0.002766346991071492,0.01147451274205715,0.016118776621847755,0.0,0.006836258905458077,0.016266403054795885,0.0,0.5476518965781911,0.0,0.004729756936270564,0.0,0.19994823307652637,0.0015350484572844313,0.0004197398125387117,0.008453283073004901,0.00185898268481755,0.016102586782309046,0.0052780177925165405,0.020178073157352518,0.0027216583584977645,0.0,0.0035195943640510263,0.0011752714751083926,0.001372474010785275,0.0,0.0004541844404542583,0.002830871261305145,0.007022756184625746,0.003902735262285143,0.001726929514444986,0.0,0.0,0.00010553458143830471,0.00890663931790938,0.0,0.0010745339200991019,0.0,0.01840495057028832,0.004950385910305045,0.001218729661326008,0.0021106916287660935,0.04279787804079242,0.0246919013728946,0.0,0.0,0.0,0.0,0.0,0.0025903942716674773,0.0,0.0,0.0,0.0,0.0,0.0,0.0,0.0,0.0,0.0,0.0,0.0,0.004746288649476201,0.004057680537437168,0.0,0.0,0.0
95,0.0207434617827493,0.0,0.0011801368829098802,0.003604490479475878,0.004837335083907358,0.00034042410083938874,0.0,0.19823397386035035,0.13495077814035655,0.03285872235498196,0.0023343366914700923,0.004712537552796242,0.0015838231291552514,0.006018631759154227,0.0021093607639588443,0.0012246425445780608,0.018913215283089663,0.0030929961161978723,0.056885304204136025,0.007512939269408567,0.0,0.002520884110831163,0.005706156356926894,0.004207444208009467,0.0007294802160844044,0.0032789803709497864,0.007168140936218724,0.006416389572295505,0.013568425098975035,0.0,0.002493921457266266,0.00034519003825114004,0.0,0.018024483205821215,0.006552162693802818,0.014811795887188459,0.004914027380430227,0.003745737529223954,0.0029179208643376163,0.00817888033108001,0.008588036864742509,0.08264470199282037,0.29537809072354754,0.0,0.0,0.0,0.0,0.0,0.0,0.0,0.0005877847631118049,0.0,0.0,0.0019361032754410719,0.0,0.0,0.00035557017617193976,0.0,0.0,0.0,0.0,0.00096219870854898,0.0,0.0,0.0,0.0028303832384074874
96,0.03100574517494873,0.0014255245909931937,0.002694505644197155,0.0,0.005130753949295824,0.00691007325619728,0.0013999736021926695,0.0838402482716574,0.004853285662268527,0.0025987009990701446,0.0007161323299906702,0.11061962337629717,0.008400306759467908,0.000618738333111938,0.0045547921639282505,0.12147494627120584,0.29771149602937025,0.011588182869213107,0.04081292385298052,0.011830089485006082,0.0033459190524343313,0.013957938425599446,0.0,0.0,0.0006187383331119389,0.002168162242279755,0.007362011354395512,0.005180874532003293,0.0025265148602070854,0.0018311065517022207,0.04143757309453673,0.0,0.005100460125854411,0.019042581336112807,0.01185677606547076,0.009287839979009152,0.0,0.0012816722614461594,0.01110659318899729,0.034320646531557635,0.001365474999621318,0.0176721084804964,0.06174042440193895,0.0,0.0,0.0,0.0,0.0,0.0,0.0,0.0,0.0,0.0,0.0,0.0,0.0,0.0,0.00012276554228411472,0.0,0.0,0.0,0.0,0.0004877760195480757,0.0,0.0,0.0
97,0.014922959100067423,0.00011420110865202298,0.007250249216432032,0.006370993791805092,0.006607093410941759,0.006123135867279433,0.005944189837707908,0.0542147058825129,0.015869240964673646,0.005030641910996421,0.004645760433732804,0.024886024919688686,0.005566357296173049,0.0008488875445836293,0.0030484391491786616,0.0,0.042363458573126477,0.016483531302574937,0.038846851328840755,0.0,0.014160263216411095,0.0,0.0,0.0015562938317366533,0.00233444074760498,0.004183896905785051,0.016322375101837754,0.005835545032790901,0.017315965151034687,0.0,4.216696299893217e-05,0.015462474018919627,0.0,0.03413010655602483,0.005805769683950601,0.010484605826261073,0.011493427653160703,0.0019517410001640397,0.02121387347396781,0.0019443252746450658,0.016442146828165704,0.29473582311077895,0.25686123521637333,0.0,0.0,0.0,0.0,0.0007781469158683267,0.0,0.0,0.0,0.0,0.0,0.0,0.0,0.0,0.0,0.0,0.0,0.0,0.004055057449303451,0.0002997306638900236,0.0,0.0,0.0014755971145354928,0.001978270624823052
98,0.01051871675635244,0.0021912631749769484,0.002388575736402851,0.0005348687390186172,0.028840452376092646,0.003982019104826108,0.0,0.21447112460241702,0.0013538864956408772,0.0927335310916993,0.0032978189604569177,0.05165423148982487,0.002202401142222884,0.008965418863550166,0.0030086366569797257,0.026245958913606295,0.36276113826539613,0.035958022435922825,0.024256099245652887,0.0017135033055419725,0.0,0.0012867243350813192,0.0,0.0005603210970680148,0.004978233980461476,0.005161513448012715,0.005602567444224033,0.006993653367274688,0.002531160867331609,0.003664670078231566,0.0,0.004462545729312078,0.0003760795821224657,0.0,0.0008252260544858672,0.004101529729654981,0.0009942981037505197,0.006333732857025446,0.00386575116503252,0.005028800755671899,0.0025205300362237276,0.023050527373688075,0.02510957610919615,0.0,0.0,0.0030428687149979578,0.0,0.0,0.0,0.0,0.0,0.0,0.0,0.0,0.0,0.0,0.0028653682447425956,0.0,0.0,0.0,0.0041081270635940845,0.0,0.001719220946845559,0.0,0.0,0.0037393055593890868
99,0.009881661169720737,0.0009362239485768691,0.0010890329148963095,0.011238597995776268,0.0,0.00883907844055359,0.005506967815418466,0.516482323966555,0.0040736144251411295,0.23328016591844616,0.004547641407981469,0.014958110373712205,0.0030949702686260366,0.0,0.0020199254601009865,0.009545683309728471,0.01350826279328451,0.00068656422895637,0.01860452221004452,0.008091273572969187,0.0,0.001235815612121467,0.0,0.0,0.0023306469119866507,0.001843641006428294,0.005944450484983709,0.011750344130549843,0.009128053777515795,0.0,0.0003409146516197136,0.01452218497429155,7.195171406667529e-05,0.002263459075677015,0.009847357347060272,0.006126576090157724,0.0,0.0033657765360101356,0.004388074035402962,0.0007893430997946495,0.005135411268408072,0.019742386181027395,0.022993364857690945,0.0,0.0,0.0,0.0,0.0,0.0010184205440582337,0.0,0.0031308972899317953,0.0,0.0,0.0,0.0,0.0,0.001633042058874793,0.0,0.0,0.0,0.00030837206893803145,0.0,0.0,0.0,0.0057048960629160345,0.0
